id,filename,application,type,company,dosage,shelf_life,concentration,ingredients,packaging,storage_conditions,allergens,appearance,description,brand,audit,recommendation
1,GMS60 SPECIFICATION.PDF,Savory - Seasoning,Emulsifier,AWA Bio,,24 months,"min. 60% Total Monoglyceride, max. 1% Free Glycerol, max. 3 Acid Value, max. 2 Iodine Value, approx. 62 Melting point","Mono-and diglycerides of fatty acids (E-471), HPS, Glycerin, palm oil",25 Kg net bags,"Cool and dry, Away from sunlight, Recommended storage temperature below 25ºC",None declared,"Flakes or powder, White-ivory","Glycerol Monostearate (GMS) manufactured by Guangdong Cardlo Biotechnology Co.ltd., used in food industry, cosmetic, pharmacy.",AWA Bio,,
2,Ingreva Cellulose Casing.pdf,Savory - Seasoning,Cellulose Casing,AWA Food Additives,,24 months,65-67% regenerated cellulose; 18-20% moisture,"Cellulose, Glycerol, White mineral oil",Cartons with adhesive tape; plastic film wrap; four plastic belts,"Store between 4°C and 25°C, 50-70% RH; Keep away from direct sunlight; Cover unused casing in plastic",None declared (all 14 EU allergens absent),Shirred cellulose casing,"Cellulose Casing manufactured by Ingreva, used in sausage processing casings.",Ingreva,,
3,NRE 1000-TDS.pdf,Savory - Meat,Food-Grade Red Color with Erythrosine,AWA Food Additives,25-30g/100kg,24 months,Moisture (%): ≤ 8.00; As (mg/kg): ≤ 1.00; Pb (mg/kg): ≤ 1.00,E-127,Heavy duty bags or according to the customer’s requirements,"Should be stored away from aromatic products, In dry place away from direct sunlight",,Dark reddish brown powder,"Food-Grade Red Color with Erythrosine, used in meat products.",AWA Food Solutions,,
4,NRE 1500.pdf,Savory - Meat,Red Color,AWA Food Additives,25-30g/100kg,24 months,moisture: ≤8.00%; color intensity: 0.420: 0.500; arsenic: ≤ 1.00 mg/kg; lead: ≤ 1.00 mg/kg,Erythrosine E127; Caramel color E150c,Paper sacks with polyethylene liner,"Should be stored away from aromatic products, In dry place away from direct sunlight",None declared,Red reddish brown powder,"Red Color, used in meat products.",AWA Food Solutions,,
5,Powder Antifoam.pdf,Agrochemicals - Beverages,Silicone Antifoam Compound,AWA Food Additives,0.5 - 2.0%,12 months,Active content: 15%,,50kgs HDPE containers,Keep the original containers closed at a temperature of around 25°C. Seal the containers properly during intervals when not in use.,,White free flowing powder,"Silicone Antifoam Compound manufactured by OTCPL, used in industrial application, e.g. Dry flowable Agrichemicals, wettable Agrochemical powders, cement admixtures, patch and repair in concrete formulations.",AWA Food Solutions,,
6,Revastab - M205.pdf,Savory - Meat,Refined Carrageenan (E407),AWA Food Additives,0.3% - 0.8%,24 months from the date of production,"Particle Size (120 mesh): ≥90%; Viscosity: ≥5 mPa.s; Water Gel Strength: ≥1600; pH (1.5%, 25°C): 8.0-11.0; Loss on Drying: ≤12.0%; Ash: 15-40%",Carrageenan (E407),"Paper sacks with polyethylene liner, 25 kg",Stored with sealed package in a cool and dry place.,None declared (all 13 listed EU allergens absent),Yellowish to white flowing powder,"Refined Carrageenan (E407), used in meat products.",Ingreva,,
7,REVATEX -TS4.pdf,Savory - Meat,Modified Starch,AWA Food Solutions,,2 years from date of production,moisture: ≤12.0%; whiteness: ≥78.0%; pH: 4.0-9.0; ash: ≤0.5% (dry base); fineness: ≥85.0%; sulfur dioxide: ≤10mg/kg; protein: ≤0.5%; arsenic: ≤1.0mg/kg; lead: ≤0.2mg/kg,Tapioca Hydroxypropyl Distarch Phosphate,"Paper sacks, 25 kg.",Should be stored under cool and dry conditions (protect from humidity).,None declared,"White to slightly yellow, Granular, Flake or powder without visible foreign matter","Modified Starch manufactured by Ingreva, used in sausage/meat processing.",Ingreva,,
8,Soy flour TDS.pdf,Savory - Seasoning,Defatted Soya Flour,AWA Food Additives,,2 years from the date of manufacturing,"protein: 50.0 Min.; moisture: 10.0 Max; fat content: 2.0 Max.; total ash: 8.0 Max.; crude fiber: 5.0 Max; urease activity: 0.20 Max; total bacterial count: 20,000 Max.; coliform: 10 Max.; yeast and moulds: 100 Max.; e coli: Absent; salmonella: Absent",,25 KG,,,Fine powder,Defatted Soya Flour.,AWA Food Solutions,,
9,"specification of MCC gel (811F, HHF).pdf",Savory - Seasoning,Microcrystalline Cellulose Gel (Type: H811F),AWA Food Additives,,24 months,pH: 6.0-8.0; viscosity: 2000-5500 mPa.s; residue on ignition: 6.0 maximum; loss on drying: 8.0 maximum; total aerobic microbial count: 1000 maximum; total moulds and yeasts count: 100 maximum; salmonella: not detected in 25g,microcrystalline cellulose and carboxymethyl cellulose,"packedin compound paper bag and lined with PE bag inside, net weight 25kgs",At dry and cool place,,"White or pale yellowish powder, Odorless and tasteless","Microcrystalline Cellulose Gel (Type: H811F) manufactured by High Hope Foods (Nanjing) Co.,ltd.","HIGH HOPE FOODS (NANJING) CO.,LTD",,
10,TDS.CM-NANI-FG-03SIO2-E.PDF,Savory - Meat,Sodium Nitrite Food Grade,AWA Food Additives,,,NaNO2: 99.0 g/100 g; NaNO3: 0.4 g/100 g; Carbonate: 200 mg/kg; Chloride: 50 mg/kg; Sulphate: 50 mg/kg; H2O (loss on drying): 0.2 g/100 g; insoluble: 0.45 g/100 g; As: 0.2 mg/kg; Al: 2 mg/kg; Ca: 100 mg/kg; Cd: 1 mg/kg; Fe: 5 mg/kg; Hg: 0.05 mg/kg; K: 50 mg/kg; Pb: 1 mg/kg; Se: 5 mg/kg; SiO2 (anticaking agent E 551): 0.4 g/100 g,Sodium Nitrite (E 250) and SiO2 (E 551),,,,White to slightly yellow crystalline product,"Sodium Nitrite Food Grade manufactured by BASF SE, used in meat products.",AWA Food Solutions,,
11,TDS.Specif. PP 60 asta ST hot 20.000 shu-rev. 3.pdf,Savory - Seasoning,Paprika Powder,AWA Food Additives,,12 months,"Colour: 60 ASTA units min.; Capsaicin Content: 20,000 s.h.u min.; Moisture content: 12% max.; Total ash: 8,5 % max.",Capsicum annuum L and Capsicum frutescens L.,"Multilayered paper sacks or interwoven plastic sacks with blue polypropylene liner, 25 kg weight on shrinkwrapped pallets.","Cool, Dark and dry place",None declared,Fine red powder,Paprika Powder manufactured by Evesa.,AWA Food Solutions,,
12,Technical Data Sheet of Natural red color.pdf,Savory - Meat,Natural Red Color,AWA Food Additives,,2 years,Appearance: Red top purplish-red powder; Granularity: 90 % pass 150 mesh sifter; Moisture: ≤10%; ColorValue: 1000~4000u/g; HeavyMetal(Pb): ≤1ppm; As: ≤1ppm; Yeast: ≤25cfu/g; Mold: ≤25cfu/g; AflatoxinB: ≤5.0ppb; TotalPlate: ≤5000cfu/g; E.coli: ≤30cfu/g; PathogenicBacteria: Absence,100% Natural red color,"20 kgs/carton, 25 kgs/bag",Dry and sealed storage,,Red top purplish-red powder,"Natural Red Color manufactured by Wuhan Jiacheng Biotechnology Co., Ltd, used in meat Products, Ketchup, Sauce, etc.",AWA Food Solutions,,
13,Tex Mono 160-.pdf,Bakery & snacks - Cake & Pastry,Emulsifier,AWA Food Solutions,Based on product recipe,24 months from production date,Total Monoglyceride (%): Min 60; Acid Value (KOH/g): 3.00 max; Iodine Value (g/100g): 3.00 max; Melting Point (°C): 60 – 70; Free Glycerol (%): 1.00 max; Free Acids (%): 3.00 max,Mono & Diglycerides E-471,25 kg: S. Code: 80036; 5 kg: S. Code: N/A; 1 kg: S. Code: N/A,Stored in dry place away from direct sunlight,None declared,Creamy – white powder,"Emulsifier manufactured by AWA Foodsolutions, used in table margarine; bakery margarines and shortenings; ice cream and imitation creams; chewing gum; cheese products.",AWA Food Solutions,,
14,Textra Bake C 10 -TDS.PDF,Bakery & snacks - Cake & Pastry,Dough Improver,AWA Food Solutions,1 % of flour weight,9 months from date of Manufacturing,moisture content: Max.10 %; pH: 4.00- 6.00; total plate count: Max. 103 cfu/g; yeasts and molds: Max. 10² cfu/g; coliform: < 10 cfu/g; salmonella: Negative,"Wheat flour, Wheat Gluten, Acidity Regulators(E300,E330), Enzyme, Emulsifiers: (E471, E481), Anti-caking agent (E551)",Paper sacks with polyethylene liner 10 Kg and 25Kg,"Store in a cool, Dry location. Keep containers well closed when not in use.",Contains: Wheat gluten,"Free-flowing, Fine powder, Off-white","Dough Improver, used in croissant manufacture.",AWA Food Solutions,,
15,Textra Baking 100.pdf,Bakery & snacks - Cake & Pastry,Leavening Agent,AWA Food Solutions,18gm of Textra Baking 100 to 500gm flour,18 months from date of production,appearance: powder; color: White-Off white; moisture: Max. 13%; microbiological > total plate count: Max. 500 cfu/g; microbiological > yeast and mold: Max. 100 cfu/g; microbiological > coliform: < 10 cfu/g; microbiological > e.coli: Absent,Sodium acid pyrophosphate E450; Sodium Bicarbonate E500; Corn starch,Paper sacks with polyethylene liner,Store in a dry place away from heat and humidity,None declared,Powder,"Leavening Agent, used in bakery products like cakes, cookies and biscuits.",AWA Food Solutions,,
16,Textra Baking 150.pdf,Bakery & snacks - Cake & Pastry,Modified Starch,AWA Food Solutions,12 gm of Textra Baking 150 / 500 gm of flour,18 months,moisture: Max. 13%; water vol: Min 350 ml,Sodium acid pyrophosphate E450; Sodium Bicarbonate E500; Corn starch; Mono calcium phosphate E341,Paper sacks with polyethylene liner 25 Kg.,Store in a dry place away from heat and humidity,None declared,,"Modified Starch, used in cakes; Muffins; Biscuits; Donuts.",AWA Food Solutions,,
17,Textra CM 110-.pdf,Dairy - Ice Cream,Blend of Food Grade Stabilizers & Emulsifier,AWA Food Solutions,0.65 - 0.9 % depending on the desired texture,24 months from production date,Loss on drying Max. 12%,CMC E-466; Guar Gum E-412; Emulsifier E-471,"25 kg Heavy duty bags, 5 kg Heavy duty bags, 1 kg Heavy duty bags","Should be stored away from aromatic products, Under conditions not exceeding 25 °C and 70% atmospheric humidity",None declared,Creamy to white powder,"Blend of Food Grade Stabilizers & Emulsifier manufactured by awa-foodsolutions.com, used in ice cream manufacturing.",AWA Food Solutions,,
18,TDS Starch.jpg,Savory - Seasoning,Corn Starch,AWA Food Additives,,,"Moisture 14% max, T.Protein 0.6% max, Ash 0.4% max, Fats 0.5% max",Corn Starch,"25 kg bags (also available in 750 kg, 850 kg, 1-ton bags)","Store in cool, Dry place below 20°C; RH below 60%; Keep on pallets away from chemicals and direct sunlight",None declared,Pure white,"Corn Starch manufactured by National Co. For Maize Products, used in food thickener.",AWA Food Solutions,,
19,Antifoam LPD.PDF,Processing Aids - Beverages,Antifoam,AWA Food Additives,5 to 25 ppm,12 months,"appearance: Yellowish, clear liquid; density: approx. 0.9 g/cm3; solubility: not miscible; viscosity: approx. 360 mPa•s; flash point: > 100 °C; freezing point: approx. -20 °C",Polyalkoxylates; Fatty acid esters,Plastic containers: 1 kg and 5 kg,Store in cool place away from direct sunlight,None declared,"Yellowish, Clear liquid","Antifoam, used in dairy products; Potato processing and starch industry.",AWA Food Solutions,,
23,Fell 120 R.PDF,Dairy - Cheese,Fell 120 R,AWA Food Solutions,2 – 5% according to the final product recipe,2 years from date of production,moisture content: Max 6%; ash: 3.7 : 4.5 %,Vegetable Protein; Filling Material (Carbohydrate),Paper sacks with polyethylene liner 25 Kg.,Store in a dry place away from heat and humidity,,Creamy to white powder,"Fell 120 R, used in white Cheese; Processed Cheese.",AWA Food Solutions,,
24,Fell 120 RX.PDF,Dairy - Cheese,Filler,AWA Food Solutions,2 – 5% according to the final product recipe,2 years from date of production,moisture: Max 6%,Vegetable Protein; Filling Material (Carbohydrates),Paper sacks with polyethylene liner 25 Kg.,Store in a dry place away from heat and humidity,None declared,Creamy to white powder,"Filler, used in cheese industry; White Cheese; Processed Cheese.",AWA Food Solutions,,
25,Feta 341.pdf,Dairy - Cheese,Blend of Food Grade Stabilizers & Emulsifier,AWA Food Solutions,0.3 – 0.5% depending on protein amount,24 months from production date,pH: 6.5 – 7.5; loss on drying: Max. 15%,Carrageenan E-407; Guar Gum E-412; Emulsifiers E-471; Arabic gum E-414; Modified E-1422; Potato starch; Salt,"Heavy duty bags, 20 kg",Store in a dry place away from direct sunlight,None declared,Creamy to white powder,"Blend of Food Grade Stabilizers & Emulsifier, used in low protein feta cheese.",AWA Food Solutions,,
26,Feta 400 TDS.pdf,Dairy - Cheese,"Modified Starch, Emulsifier, Carrageenan",AWA Food Solutions,0.3– 0.5% depending on protein,24 months from production date,pH: 10:12; Lossondrying: Max. 8%; TotalPlateCount: Max. 5000 cfu/g; Yeastand Mold: Max 500 cfu/g; Coliform: <10 cfu/g; E.coli: Absent,Carrageenan E407; Guar Gum E412; Emulsifiers E471; Arabic gum E414; Modified Potato starch E1422; Salt,Papersacks with polyethylene liner 25kg,Store in a dry place away from direct sunlight,None declared,Creamy white powder,"Modified Starch, Emulsifier, Carrageenan, used in lowprotein Feta cheese.",AWA Food Solutions,,
27,Impro Meat.pdf,Savory - Meat,Unique Filler of Natural Ingredients,AWA Food Additives,3-8% for frozen meat,12 months,moisture: ≤10.0%; protein: Max. 20%; fiber: Min. 65%,Vegetable Origin Fibers,"Paper sacks with polyethylene liner, 25 Kg",Store in a dry place away from heat and humidity,None declared,,"Unique Filler of Natural Ingredients, used in meat Products.",AWA Food Solutions,,
28,Ingreva RevaStab MC100 TDS.pdf,Savory - Seasoning,Raw Material,AWA Food Additives,,2 years,"particle size: >250μm(60 mesh) ≤3.0%; viscosity: 2000-5500 (2.6% solution, mPa.s); residue on ignition: 6.0 maximum (%); loss on drying: 8.0 maximum (%); pH value: 6.0-8.0 (2.6% solution)",Microcrystalline cellulose E460; Carboxymethyl cellulose E466,Paper sacks with polyethylene liner 25 Kg.,Store in a dry place away from heat and humidity.,None declared,"White or pale yellowish powder, Odorless and tasteless","Raw Material, used in food processing applications.",Ingreva,,
29,Ingreva RevaStab MCG TDS.pdf,Dairy - Cheese,Stabilizer System,AWA Food Additives,0.3 – 0.5%,2 years,pH: 7±1; viscosity: Min 100cPs at 25°C (1%); moisture content: Max 10%; ash: Max 5%,Carrageenan E407; Guar gum E412,"Paper sacks with polyethylene liner, 25 Kg",Store in a dry place away from heat and humidity,None declared,Creamy to white powder,"Stabilizer System, used in processed Cheese.",Ingreva,,
30,Ingreva RevaStab MCV.pdf,Savory - Meat,Modified Starch,AWA Food Additives,,3 years from date of production,moisture: 6% max; viscosity: 37500 - 70000 mPa.s; pH: 6.81,Methyl cellulose E461,"Paper sacks with polyethylene liner, 25 Kg.",Store in a dry place away from heat and humidity,None declared,,"Modified Starch, used in processed poultry products.",Ingreva,,
32,NRC 600.pdf,Savory - Meat,Natural Color Mix,AWA Food Additives,75 – 100 g per 100 kg of the product,2 years from date of production,moisture: ≤ 6.00%; color value: ≥ 150 E1 cm 1% (505 nm); solubility: Soluble in Water; arsenic: ≤ 1.00 mg/kg; lead: ≤ 1.00 mg/kg,"Hibiscus extract, Vegetable extract","Paper sacks with polyethylene liner, 5 Kg",Store in a dry place away from heat and humidity,None declared,Dark brown powder,"Natural Color Mix, used in meat products - tomato paste.",AWA Food Solutions,,
33,NRC500.pdf,Savory - Seasoning,Natural Color Mix,AWA Food Additives,,2 years from date of production,Moisture (%): ≤ 6.00; Solubility: Soluble in Water; As (mg/kg): ≤ 1.00; Pb (mg/kg): ≤ 1.00,"Red Beet Concentrate, Safflower","Paper sacks with polyethylene liner, 5 Kg",Store in a dry place away from heat and humidity,None declared,Dark brown powder,"Natural Color Mix, used in all food applications.",AWA Food Solutions,,
34,NRC600.pdf,Savory - Meat,Natural Color Mix,AWA Food Additives,,2 years from date of production,appearance: Dark Brown Powder; moisture: ≤ 6.00; solubility: Soluble in Water; heavy metals > As: ≤ 1.00 mg/kg; heavy metals > Pb: ≤ 1.00 mg/kg; microbiological > total plate count: Max. 5000 cfu/g; microbiological > total yeasts and molds count: Max. 25 cfu/g; microbiological > coliform: Max. 30 MPN/g,"Hibiscus extract, Vegetable extract","Paper sacks with polyethylene liner, 5 Kg",Store in a dry place away from heat and humidity,None declared,Dark brown powder,"Natural Color Mix, used in meat products, Tomato past.",AWA Food Solutions,,
35,NRE 1400H.pdf,Savory - Meat,"Blend of Vegetable Red Beet & Safflower Extracts, Erythrosine, and Antioxidant",AWA Food Additives,25-30g/100kg,2 years,moisture: ≤ 8.00; color intensity: 0.490; arsenic: ≤ 1.00; lead: ≤ 1.00,Erythrosine: E127; Antioxidant: E392,"Paper sacks with polyethylene liner (25, 10, 5Kg)",Store in a dry place away from heat and humidity,,Reddish brown powder,"Blend of Vegetable Red Beet & Safflower Extracts, Erythrosine, and Antioxidant, used in meat products.",AWA Food Solutions,,
36,NRE1400.pdf,Savory - Meat,"Blend of Vegetable Red Beet & Safflower Extracts, Erythrosine, and Antioxidant",AWA Food Additives,25-30g/100kg,2 years,appearance: Reddish Brown powder; shade: Red to Pink; moisture(%): ≤8.00; colorintensityat505nm: 0.05gm/1000ml after 0.400:0.480 solution filtration; as(mg/kg): ≤ 1.00; pb(mg/kg): ≤ 1.00,erythrosine e number: E127,"Papersackswith polyethyleneliner25, 10 and 5Kg.",Store in a dry place away from heat and humidity,,Reddish brown powder,"Blend of Vegetable Red Beet & Safflower Extracts, Erythrosine, and Antioxidant, used in meat products.",AWA Food Solutions,,
37,NRE1600.pdf,Savory - Meat,Food-Grade Red Color,AWA Food Additives,25-30g/100kg,2 years,Moisture (%): <=8.00; Color intensity at 505 nm: 0.430: 0.510; As (mg/kg): <= 1.00; Pb (mg/kg): <= 1.00,Erythrosine E127; Caramel color E150c,"Paper sacks with polyethylene liner (25, 10 and 5Kg)",Store in a dry place away from heat and humidity,None declared,Red reddish brown powder,"Food-Grade Red Color, used in meat products.",AWA Food Solutions,,
40,Phos 10_TDS.pdf,Savory - Meat,"Sodium Polyphosphates, Sodium Tripolyphosphate",AWA Food Additives,0.3 – 0.5%,2 years,Moisture: Max 3%; pH (1% solution): 8.5 : 10; P O: 56 : 58%; Arsenic: Max. 1 ppm; Lead: Max. 1 ppm; Mercury: Max. 1 ppm; Cadmium: Max. 1 ppm,"Sodium polyphosphates, E452, Sodium Tripolyphosphate, E451","Paper sacks with polyethylene liner, 25 Kg",Should be stored under cool and dry conditions. (protect from humidity),None declared,White powder,"Sodium Polyphosphates, Sodium Tripolyphosphate manufactured by Turkphos, used in meat Products, Meat Emulsions.",Turkphos,,
41,Phos 11_TDS.pdf,Bakery & snacks - Cake & Pastry,Phosphate Blend,AWA Food Additives,0.3 – 0.5%,2 years,Moisture: Max 3%; pH (1% solution): 9.1: 10.2; P O5: 25.6 : 59%,"Sodium diphosphates E450, Sodium Tripolyphosphate E451","Paper sacks with polyethylene liner, 25 Kg","Cool and dry conditions, Protect from humidity",None declared,White powder,"Phosphate Blend manufactured by Turkphos, used in food products.",Turkphos,,
42,Phos 8_TDS.PDF,Savory - Meat,Sodium Phosphates,AWA Food Additives,0.3 – 0.5%,2 years from date of production,"Moisture: Max 3%, pH(1%solution): 8.2, Heavy Metal Specifications: Arsenic: Max. 1 ppm, Lead: Max. 1 ppm, Mercury: Max. 1 ppm, Cadmium: Max. 1 ppm","Sodium polyphosphates E452, Sodium Tripolyphosphate E451, E450, Sodium diphosphate",Paper sacks with polyethylene liner 25 Kg,Should be stored under cool and dry conditions. (protect from humidity),None declared,White powder,"Sodium Phosphates manufactured by Turkphos, used in meat Products, Meat Emulsions.",Turkphos,,
43,Phos AC04-TDS.pdf,Bakery & snacks - Cake & Pastry,Emulsifying Salt Based On Phosphate,AWA Food Additives,0.1 - 1% calculated on processed raw material,2 years from date of production,pH-shift: -1/-1.5; pH (1% solution): 4 : 4.6; P O: 63.3% ± 1; Moisture: Max 3%,Sodium Orthophosphate E339,Paper sacks with polyethylene liner 25 Kg,Cool and dry conditions (protect from humidity),None declared,White powder,"Emulsifying Salt Based On Phosphate, used in meat products, cheese, bakery.",Turkphos,,
44,Phos B200-TDS.pdf,Dairy - Cheese,Emulsifying Salt Based On Phosphate,AWA Food Additives,approx. 2 - 3.5% calculated on processed raw material,2 years from date of production,pH-shift: +0.2/+0.4; Ion exchange capacity: Slight; Creaming action: Very strong; Buffering capacity: Medium strong; Moisture: Max 3%; pH (1% solution): 9.4 ± 0.3; P O: 59.7% ± 1,"Sodium diphosphate E450, Sodium polyphosphates E452",Paper sacks with polyethylene liner 25 Kg.,Should be stored under cool and dry conditions. (protect from humidity),None declared,White powder,"Emulsifying Salt Based On Phosphate, used in production of processed cheese.",Turkphos,,
45,Phos B250-TDS.pdf,Dairy - Cheese,Emulsifying Salt Based On Phosphate,AWA Food Additives,approx. 2.5 - 3%,2 years from date of production,pH: 6.8 ± 0.3; Moisture: Max 3%; Ion exchange capacity: Very strong; pH-shift: None; Creaming action: None; Buffering capacity: None,Sodium polyphosphates E452,"Paper sacks with polyethylene liner, 25 Kg","Cool and dry conditions, Protect from humidity",None declared,White powder,"Emulsifying Salt Based On Phosphate, used in processed cheese.",Turkphos,,
46,Phos B300-TDS.pdf,Dairy - Cheese,Emulsifying Salt Based On Phosphate,AWA Food Additives,3 - 3.5% calculated on processed raw material,2 years from date of production,"pH-shift: -0.1/-0.2; Ion exchange capacity: Very strong; Buffering capacity: Slight; pH (1% solution): 7.4 ± 0.3; P O: 64% ± 1; Moisture: Max 3% ISO 9001, ISO 14001, ISO 45001, FSSC: V6","Sodium polyphosphates E452, Sodium orthophosphate E339",Paper sacks with polyethylene liner 25 Kg,"Cool and dry conditions, Protect from humidity",None declared,White powder,"Emulsifying Salt Based On Phosphate, used in production of firm processed cheese block sliceable and cuttable elastic block cheese.",Turkphos,,
47,Phos B350-TDS.pdf,Bakery & snacks - Cake & Pastry,Emulsifying Salt,AWA Food Additives,3.5 - 4% calculated on processed raw material,2 years from date of production,pH (1% solution): 7.4 ± 0.3; P O: 61% ± 1; Moisture: Max 3%,"Sodium polyphosphates E452, Sodium diphosphate E450, Calcium phosphate E341, Sodium orthophosphate E339","Paper sacks with polyethylene liner, 25 Kg","Cool and dry conditions, Protect from humidity",None declared,White powder,"Emulsifying Salt manufactured by Essential Elements for Food Perfection, used in meat products, cheese, bakery.",Turkphos,,
48,Phos CR116-TDS.pdf,Bakery & snacks - Cake & Pastry,Emulsifying Salt,AWA Food Additives,approx. 1.5 - 2% calculated on processed raw material,2 years from date of production,pH: 7.1 ± 0.3; pH shift: +0.1/+0.3; ion exchange capacity: Very strong; buffering capacity: Medium strong; moisture: Max 3%; p: 28.3% ±1,"Sodium polyphosphates E452, Sodium citrate E331","Paper sacks with polyethylene liner, 25 Kg","Cool and dry conditions, Protect from humidity",None declared,White powder,"Emulsifying Salt manufactured by Essential Elements for Food Perfection, used in meat products, cheese, bakery.",Turkphos,,
49,Phos CR120-TDS.pdf,Dairy - Cheese,Stabilizer,AWA Food Additives,1.5 - 2% calculated on processed raw material,2 years from date of production,pH: 7.7 ± 0.3; P2O5: 61% ± 1; moisture: Max 3%; pH-shift: +0.1/+0.2; ion exchange capacity: Medium strong; creaming action: Slight; buffering capacity: Medium strong,"Sodium polyphosphates E452, Sodium orthohosphate E339",Paper sacks with polyethylene liner 25 Kg.,Should be stored under cool and dry conditions. (protect from humidity),None declared,White powder,"Stabilizer manufactured by Essential Elements for Food Perfection, used in cream cheese, (Thermized fresh cheese).",Turkphos,,
50,Phos KC12-TDS.pdf,Bakery & snacks - Cake & Pastry,Emulsifying Salt Based On Phosphate,AWA Food Additives,0.1 - 1% calculated on processed raw material,2 years from date of production,pH-shift: +0.1/+1.5; Ion exchange capacity: None; pH (1% solution): 11.5 : 12.5; P O: 41.2% ± 1; Moisture: Max 3%,Sodium orthophosphate E339,Paper sacks with polyethylene liner 25 Kg,"Cool and dry conditions, Protect from humidity",None declared,White powder,"Emulsifying Salt Based On Phosphate, used in meat products, cheese, bakery.",Turkphos,,
51,Phos MSL400-TDS.pdf,Bakery & snacks - Cake & Pastry,Emulsifying Salt Based On Phosphate and Citrate,AWA Food Additives,approx. 2.5 - 3% calculated on processed raw material,2 years from date of production,pH-shift: +0.1/+0.2; Ion exchange capacity: Medium strong; Buffering capacity: Medium strong; Moisture: Max 3%; pH (1% solution): 6.9 ± 0.3; P O: 25.5% ±1,"Sodium Citrate E331, Sodium polyphosphates E452, Potassium Phosphates E340",Paper sacks with polyethylene liner 25 Kg,"Cool and dry conditions, Protect from humidity",None declared,White powder,"Emulsifying Salt Based On Phosphate and Citrate manufactured by Phos, used in meat products, cheese, bakery.",Turkphos,,
52,Phos MSL440-TDS.pdf,Bakery & snacks - Cake & Pastry,Emulsifying Salt Based On Phosphate and Citrate,AWA Food Additives,approx. 2.5 - 3% calculated on processed raw material,2 years from date of production,pH: 8.5 ±0.3; pH shift: +0.3/+0.4; ion exchange capacity: Slight; buffering capacity: Very strong; moisture: Max 3%,"Sodium Citrate E331, Sodium orthophosphate E339, Sodium polyphosphates E452","Paper sacks with polyethylene liner, 25 Kg","Cool and dry conditions, Protect from humidity",None declared,White powder,"Emulsifying Salt Based On Phosphate and Citrate manufactured by Phos, used in meat products, cheese, bakery.",Turkphos,,
53,Phos MSL500-TDS.pdf,Bakery & snacks - Cake & Pastry,Emulsifying Salt Based On Phosphate and Citrate,AWA Food Additives,2.5 - 3% calculated on processed raw material,2 years from date of production,pH: 8.9 ± 0.3; Moisture: Max 3%; P O: 31% ± 1,"Sodium orthophosphate E339, Sodium citrate E331, Sodium polyphosphates E452","Paper sacks with polyethylene liner, 25 Kg","Cool and dry conditions, Protect from humidity",None declared,White powder,"Emulsifying Salt Based On Phosphate and Citrate manufactured by Phos, used in meat products, cheese, bakery.",Turkphos,,
54,Phos MU100-TDS.pdf,Bakery & snacks - Cake & Pastry,Modified Starch,AWA Food Additives,0.02 - 0.08% calculated in final product,2 years from date of production,pH (1% solution): 7.8 ± 0.3; Moisture: Max 3%; P O: 59.1% ± 1,"Sodium polyphosphates E452, Sodium orthophosphate E339, Sodium tripolyphosphate E451, Sodium diphosphate E450",Paper sacks with polyethylene liner 25 Kg,Should be stored under cool and dry conditions.,None declared,White powder,"Modified Starch manufactured by Essential Elements for Food Perfection, used in uHT milk, evaporated milk, UHT cream, meat products, cheese, bakery.",Turkphos,,
55,Phos MU200-TDS.pdf,Dairy - Dairy & Creamers,Phosphate Based Salts,AWA Food Additives,0.02-0.08% calculated in final product,2 years from date of production,pH (1% solution): 11.4 ±0.3; P O: 57% ± 1; Moisture: Max 3%; pH-shift: +0.2/+0.4; Calcium binding: Very strong; Buffering capacity: Very strong,"Sodium polyphosphates E452, Sodium orthohosphate E339",Paper sacks with polyethylene liner 25 Kg,Should be stored under cool and dry conditions,None declared,White powder,"Phosphate Based Salts manufactured by Essential Elements for Food Perfection, used in uHT milk, evaporated milk, and UHT cream.",Turkphos,,
56,Phos MU300-TDS.pdf,Dairy - Dairy & Creamers,Phosphate and Citrate Salts Used as Stabilizer,AWA Food Additives,0.02 to 0.08% calculated in final product,2 years from date of production,pH (1% solution): 11.3 ±0.3; P 2 O 5: 40.6% ± 1; Arsenic: Max. 1 ppm; Lead: Max. 1 ppm; Mercury: Max. 1 ppm; Cadmium: Max. 1 ppm,Sodium orthophosphate E339; Sodium polyphosphates E452; Sodium citrate E331,Paper sacks with polyethylene liner 25 Kg,Should be stored under cool and dry conditions. Protect from humidity.,None declared,White powder,"Phosphate and Citrate Salts Used as Stabilizer manufactured by Essential Elements for Food Perfection, used in uHT milk, evaporated milk, and UHT cream.",Turkphos,,
57,Phos SP101-TDS.pdf,Dairy - Cheese,Emulsifier,AWA Food Additives,2 - 3.5% calculated on processed raw material,2 years from date of production,pH (1% solution): 7 ±0.3; Moisture: Max 3%; P O: 63% ± 1,"Sodium diphosphate E450, Sodium polyphosphates E452",Paper sacks with polyethylene liner 25 Kg,"Cool and dry conditions, Protect from humidity",None declared,White powder,"Emulsifier manufactured by Essential Elements, used in meat products, cheese.",Turkphos,,
58,Phos SP102-TDS.pdf,Dairy - Cheese,Emulsifying Salt Based On Phosphate,AWA Food Additives,approx. 2.8 - 3.2% calculated on processed raw material,2 years from date of production,pH (1% solution): 6.4 ±0.3; P O: 64% ± 1; Moisture: Max 3%; pH-shift: -0.2/-0.4; Ion exchange capacity: Very strong; Creaming action: Medium strong; Buffering capacity: Slight,"Sodium diphosphate E450, Sodium polyphosphates E452",Paper sacks with polyethylene liner 25 Kg.,Should be stored under cool and dry conditions. (protect from humidity),None declared,White powder,"Emulsifying Salt Based On Phosphate, used in production of spreadable and firm processed cheese.",Turkphos,,
59,Phos SP120-TDS.pdf,Dairy - Cheese,Emulsifying Salt Based On Phosphate,AWA Food Additives,2 - 3.5% calculated on processed raw material,2 years from date of production,pH: 9.0 ± 0.3; Moisture: Max 3%; P O: 60.3% ± 1,"Sodium polyphosphates E452, Sodium orthophosphate E339","Paper sacks with polyethylene liner, 25 Kg","Cool and dry conditions, Protect from humidity",None declared,White powder,"Emulsifying Salt Based On Phosphate, used in meat products, cheese.",Turkphos,,
60,Phos SP122-TDS.pdf,Bakery & snacks - Cake & Pastry,Emulsifying Salt Based On Phosphate,AWA Food Additives,2 - 3.5% calculated on processed raw material,2 years from date of production,pH-shift: +0.4/+0.6; Ion exchange capacity: Very strong; Buffering capacity: Medium strong; Moisture: Max 3%; pH (1% solution): 10.7 ± 0.3; P O: 64% ± 1,"Sodium orthophosphate E339, Sodium polyphosphates E452",Paper sacks with polyethylene liner 25 Kg.,"Cool and dry conditions, Protect from humidity",None declared,White powder,"Emulsifying Salt Based On Phosphate manufactured by Essential Elements for Food Perfection, used in meat products, cheese, bakery.",Turkphos,,
61,Phos SP125-TDS.pdf,Dairy - Cheese,Emulsifying Salt Based On Phosphate,AWA Food Additives,approx. 2 - 3.5% calculated on processed raw material,2 years from date of production,pH (1% solution): 8.8 ± 0.3; Moisture: Max 3%; P O: 61.5% ± 1,"Sodium diphosphate E450, Sodium polyphosphates E452",Paper sacks with polyethylene liner 25 Kg,"Cool and dry conditions, Protect from humidity",None declared,White powder,"Emulsifying Salt Based On Phosphate manufactured by Essential Elements for Food Perfection, used in production of processed cheese.",Turkphos,,
62,Phos SP130-TDS.pdf,Dairy - Cheese,Emulsifying Salt Based On Phosphate and Citrates,AWA Food Additives,approx. 3.5 - 4% calculated on processed raw material,2 years from date of production,P2O5: 47.57% ± 1; pH (1% solution): 6.4 ± 0.3; Moisture: Max 3%,"Sodium diphosphate E450, Sodium citrate E331, Sodium orthophosphate E339",Paper sacks with polyethylene liner 25 Kg,"Cool and dry conditions, Protect from humidity",None declared,White powder,"Emulsifying Salt Based On Phosphate and Citrates, used in meat products, cheese.",Turkphos,,
63,Phos SP135-TDS.pdf,Bakery & snacks - Cake & Pastry,Emulsifying Salt Based On Phosphate and Citrates,AWA Food Additives,3.5 - 4% calculated on processed raw material,2 years from date of production,pH: 7.4 ± 0.3; pH shift: +0.2/+0.4; ion exchange capacity: Medium strong; creaming action: Medium strong; buffering capacity: Weak; moisture: Max 3%; pO: 44.18% ± 1,"Sodium diphosphate E450, Sodium citrate E331, Sodium polyphosphates E452",Paper sacks with polyethylene liner 25 Kg,"Cool and dry conditions, Protect from humidity",None declared,White powder,"Emulsifying Salt Based On Phosphate and Citrates manufactured by Essential Elements for Food Perfection, used in meat products, cheese, bakery.",Turkphos,,
64,Phos SP140-TDS.pdf,Bakery & snacks - Cake & Pastry,Emulsifying Salt,AWA Food Additives,approx. 2.5% calculated on processed raw material,2 years from date of production,pH: 9.3 ± 0.3; pH-shift: +0.2/+0.5; Ion exchange capacity: Slight; Buffering capacity: Medium strong; Moisture: Max 3%; P O: 56.3% ± 1,"Sodium polyphosphates E452, Sodium diphosphate E450",Paper sacks with polyethylene liner 25 Kg.,Should be stored under cool and dry conditions (protect from humidity),None declared,White powder,"Emulsifying Salt, used in meat products, cheese, bakery.",Turkphos,,
65,Phos SP145-TDS.pdf,Bakery & snacks - Cake & Pastry,Emulsifying Salt,AWA Food Additives,3.5 - 4% calculated on processed raw material,2 years from date of production,pH (1% solution): 7.6 ± 0.3; Moisture: Max 3%; pH-shift: +0.1/+0.2; Ion exchange capacity: Very strong; Buffering capacity: Medium strong,"Sodium polyphosphates E452, Sodium diphosphate E450, Sodium Citrate E331, Sodium orthophosphate E339",Paper sacks with polyethylene liner 25 Kg,"Cool and dry conditions, Protect from humidity",None declared,White powder,"Emulsifying Salt, used in meat products, cheese, bakery.",Turkphos,,
66,Phos SP152-TDS.pdf,Dairy - Cheese,Emulsifying Salt Based On Phosphate,AWA Food Additives,approx. 2 - 3.5% calculated on processed raw material,2 years from date of production,pH (1% solution): 9.0 ± 0.3; pH-shift: +0.2/+0.4; Ion exchange capacity: Slight; Buffering capacity: Medium strong; Moisture: Max 3%; P O: 59.4% ± 1,"Sodium diphosphate E450, Sodium polyphosphates E452",Paper sacks with polyethylene liner 25 Kg.,"Cool and dry conditions, Protect from humidity",None declared,White powder,"Emulsifying Salt Based On Phosphate, used in production of processed cheese.",Turkphos,,
67,Phos SP154-TDS.pdf,Bakery & snacks - Cake & Pastry,Emulsifying Salt,AWA Food Additives,3 – 3.5 % calculated on processed raw material,2 years from date of production,pH: 8.0 ± 0.3; pH-shift: +0.2/+0.4; Ion exchange capacity: Very strong; Creaming action: Medium strong; Buffering capacity: Slight; Moisture: Max 3%; pH (1% solution): 8.0 ± 0.3; P2O5: 55.83% ± 1,Sodium polyphosphates E452; Sodium diphosphate E450; Sodium Citrate E331; Sodium orthophosphate E339,Paper sacks with polyethylene liner 25 Kg,Should be stored under cool and dry conditions. Protect from humidity.,None declared,White powder,"Emulsifying Salt manufactured by Essential Elements for Food Perfection, used in meat products, cheese, bakery.",Turkphos,,
68,Phos SP227-TDS.pdf,Bakery & snacks - Cake & Pastry,Emulsifier,AWA Food Additives,2 – 3% according to protein content,2 years from date of production,pH: 7.0 ± 0.3; pH shift: +0.1/+0.2; ion exchange capacity: Very strong; moisture: Max 1.5%; p: 61.5% ± 1,"Sodium polyphosphates E452, Sodium orthophosphate E339, Sodium diphosphate E450",Paper sacks with polyethylene liner 25 Kg,"Cool and dry conditions, Protect from humidity",None declared,White powder,"Emulsifier manufactured by Essential Elements for Food Perfection, used in meat products, cheese, bakery.",Turkphos,,
69,Phos-BS-TDS.pdf,Bakery & snacks - Cake & Pastry,Modified Starch,AWA Food Additives,0.3 - 1% calculated on the final product,2 years from date of production,pH (1% solution): 6.0 ± 0.3; Moisture: Max 3%; pH-shift: 0/- 0.1; Ion exchange capacity: Very strong,"Sodium polyphosphates E452, Sodium orthophosphate E339",Paper sacks with polyethylene liner 25 Kg,"Cool and dry conditions, Protect from humidity",None declared,White powder,"Modified Starch, used in meat products, cheese, bakery.",Turkphos,,
70,RevaStab ID 15 - Copy.pdf,Dairy - Ice Cream,Modified Starch,AWA Food Additives,"{""2"": 0.68, ""4"": 0.68, ""6"": 0.65, ""8"": 0.65, ""10"": 0.63, ""12"": 0.63}",24 months from production date,Moisture: Max. 5%; Viscosity (1% sol. at 25°C): Min. 510 cps; Viscosity (1% sol. at 75°C): Min. 210 cps,Mono & Diglycerides of fatty acids E471; Guar Gum E412; Cellulose Gum E466; Carrageenan E407; Dextrose Anhydrous,"Paper sacks with polyethylene liner, 25Kg.","Store at cool and dry place, Away from aromatic products",,Off-white to yellowish powder,"Modified Starch, used in ice Cream.",Ingreva,,
71,RevaStab ID 15.pdf,Dairy - Ice Cream,"Mono & Diglycerides of Fatty Acids, Guar Gum, Cellulose Gum, Carrageenan, Dextrose Anhydrous",AWA Food Additives,"{""2"": 0.68, ""4"": 0.68, ""6"": 0.65, ""8"": 0.65, ""10"": 0.63, ""12"": 0.63}",24 months from production date,Moisture: Max. 5%; Viscosity (1% sol. at 25°C): Min. 510 cps; Viscosity (1% sol. at 75°C): Min. 210 cps,Mono & Diglycerides of fatty acids (E471); Guar Gum (E412); Cellulose Gum (E466); Carrageenan (E407); Dextrose Anhydrous,"Paper sacks with polyethylene liner, 25Kg","Store at cool and dry place, Away from aromatic products",,Off-white to yellowish powder,"Mono & Diglycerides of Fatty Acids, Guar Gum, Cellulose Gum, Carrageenan, Dextrose Anhydrous, used in ice Cream.",Ingreva,,
72,RevaStab NF04.pdf,Dairy - Ice Cream,Modified Starch,AWA Food Additives,"{""0%"": 0.75, ""2%"": 0.75, ""4%"": 0.7}",2 years,"pH (1% solution): 6.8; Ash: Max 8%; Moisture: Max 8%; Viscosity 1% sol. (L2, 200 rpm) at 75°c: Min 60 cPs; Viscosity 1% sol. (L2, 60 rpm) at 25°c: Min 300 cPs",Mono–and diglycerides of fatty acids (E471); Guar (E412); CarGraugmeena (E407); LBG (E410),"Paper sacks with polyethylene liner, 20 Kg.",Store in a dry place away from heat and humidity,None declared,Off white to yellowish powder,"Modified Starch, used in ice Cream.",Ingreva,,
73,RevaStab PZ.pdf,Savory - Seasoning,Modified Starch,AWA Food Additives,,24 months,"loss on drying: 14%(w/w)max.; acetyl groups content: not less than 1.5%(w/w); pH: 4,5-7,0; SO2: 10mg/kgmax.; Arsenic: 0,5mg/kgmax.; Lead: 0,1mg/kgmax.; Mercury: 0,02mg/kgmax.; Brookfield viscosity: 800-1100cp","Modified corn starch E1422 (Acetylated distarch adipate), corn basis","Paper sacks with polyethylene liner, 25 Kg.",Store in a dry place away from heat and humidity.,,"Powder, White to off-white",Modified Starch.,Ingreva,,
74,Revastab MCG.pdf,Dairy - Cheese,Stabilizer System,AWA Food Additives,0.2–0.5%,2 years,Moisture: Max 10%; Ash: Max 5%; pH: 7±1; Viscosity 25°C (1%): Min 100 cPs (170 L3/200),"Carrageenan E407, Guar gum E412","Paper sacks with polyethylene liner, 25 Kg",Store in a dry place away from heat and humidity,None declared,Creamy to white powder,"Stabilizer System, used in processed Cheese.",Ingreva,,
75,Revastab SF22.pdf,Dairy - Ice Cream,Food Grade Stabilizers & Emulsifier,AWA Food Solutions,0.45% in sorbet and 0.65% in sherbet,2 years from date of production,appearance: Off White to Yellowish Powder; moisture: Max.8%; ash: Max.8%; viscosity > 25°c: Min. 290cPs; viscosity > 75°c: Min.100cPs,Pectin E440ii; Mono- and diglycerides of fatty acids E471; CMC E466; Carrageenan E407; Guar gum E412; LBG E410,"Paper sacks with polyethylene liner, 20 Kg.",Store in a dry place away from heat and humidity,None declared,Off white to yellowish powder,"Food Grade Stabilizers & Emulsifier, used in sorbet and sherbet with natural fruits and natural pulp.",AWA Food Solutions,,
76,Revastab-VPM  15.pdf,Savory - Meat,Modified Starch,AWA Food Additives,20-25% of the mixture weight,24 months,moisture content: Max. 12%; pH: 7 - 10,Sodium Alginate E401; Carrageenan E407; Micro crystalline cellulose E460i; Calcium salt E509,"Paper sacks with polyethylene liner, 25 Kg.",Stored in dry place away from direct sunlight,None declared,White powder,"Modified Starch manufactured by Ingreva, used in meat; Poultry.",Ingreva,,
77,Revastab-VPM 30.pdf,Savory - Meat,"Modified Starch, Emulsifier, Carrageenan",AWA Food Additives,1 powder : 15 oil : 30 water,24 months,moisture: Max. 12%; pH: 7 - 10,Sodium Alginate E401; Carrageenan E407; Micro crystalline cellulose E460i; Calcium salt E509,"Paper sacks with polyethylene liner, 25 Kg.",Stored in dry place away from direct sunlight,None declared,White powder,"Modified Starch, Emulsifier, Carrageenan manufactured by Ingreva, used in meat, Poultry.",Ingreva,,
78,RevastabID-06.pdf,Dairy - Ice Cream,Mixture of Food Grade Ingredients (Modified Starch/Stabilizer Blend),AWA Food Additives,"{""6%"": 0.7, ""8%"": 0.68}",2 years,"pH (1% solution): 7.9; Ash: Max 8%; Moisture: Max 8%; Viscosity 1% sol. (L3, 200 rpm) at 75°c: Min 110cPs; Viscosity 1% sol. (L3, 200 rpm) at 25°c: Min 290cPs",Mono – and diglycerides of fatty acids E471; Guar Gum E412; Cellulose Gum E466; Carrageenan E407; LBG E410,Paper sacks with polyethylene liner 20 Kg.,Store in a dry place away from heat and humidity.,None declared,Off white to yellowish powder,"Mixture of Food Grade Ingredients (Modified Starch/Stabilizer Blend), used in ice Cream.",Ingreva,,
79,SF19.pdf,Dairy - Ice Cream,Food Grade Stabilizers & Emulsifier Blend in Powder Form,AWA Food Solutions,"0.65% (dependent on specific recipe, dietary restrictions and desired texture)",2 years from date of production,"appearance: Off White to yellowish Powder; moisture: Max. 8%; ash: Max. 8%; viscosity > 1% sol. (L2,200 rpm) at 75°c: Min. 70cPs; viscosity > 1% sol. (L2,100 rpm) at 25°c: Min. 190cPs",Pectin E440ii; Mono-and diglycerides of fatty acids E471; CMC E466; Carrageenan E407; Guar gum E412; LBG E410,Carton box containing PE bags (20 kg per bag),Store in a dry place away from heat and humidity,"None declared, but cross contamination with Cereals, Lupin, Molluscs",Off white to yellowish powder,"Food Grade Stabilizers & Emulsifier Blend in Powder Form, used in extruded sorbet with natural fruits and natural pulp.",AWA Food Solutions,,
80,SF20.pdf,Dairy - Ice Cream,Blend of Food Grade Stabilizers & Emulsifier in Powder Form,AWA Food Solutions,"0.7% depending on the specific recipe, dietary restrictions and desired texture",2 years from date of production,"appearance: Off White to Yellowish Powder; moisture: Max. 8%; ash: Max. 11%; viscosity > 1% sol. (L2, 200 rpm) at 75°c: Min. 65cPs; viscosity > 1% sol. (L2, 60 rpm) at 25°c: Min. 210cPs",Pectin E440ii; Mono-and diglycerides of fatty acids E471; CMC E466; Carrageenan E407; Guar gum E412; LBG E410,Carton box containing PE bags (20kg per bag),Store in a dry place away from heat and humidity,None declared,Off white to yellowish powder,"Blend of Food Grade Stabilizers & Emulsifier in Powder Form, used in extruded sorbet with natural fruits and natural pulp.",AWA Food Solutions,,
81,SF22.pdf,Dairy - Ice Cream,Food Grade Stabilizers & Emulsifier in Powder Form,AWA Food Solutions,"0.65% (dependent on specific recipe, dietary restrictions and desired texture)",2 years from date of production,moisture: Max. 8%; ash: Max. 8%; viscosity > at 75°C: Min. 100 cPs; viscosity > at 25°C: Min. 290 cPs,Pectin E440ii; Mono-and diglycerides of fatty acids E471; CMC E466; Carrageenan E407; Guar gum E412; LBG E410,Carton box containing PE bags (20 kg per bag),Store in a dry place away from heat and humidity,None declared,Off white to yellowish powder,"Food Grade Stabilizers & Emulsifier in Powder Form, used in extruded sorbet with natural fruits and natural pulp.",AWA Food Solutions,,
82,STARPRO - PDS (HP-CF T0577) Tapioca.pdf,Savory - Seasoning,Modified Starch,AWA Food Additives,,24 months,"Moisture: 11.0 - 14.0 %; pH: 5.0 - 8.0; Hydroxypropyl Group: 4.5 - 6.0 %; Total Plate Count: 10,000 CFU/g; Yeast & Mold: 100 CFU/g; E.Coli: Negative","Hydroxypropyl Distarch Phosphate (Modified Tapioca Starch, INS 1442)","20/25 kg Three Layers Kraft Paper Bag, 500/850 kg FIBCs Jumbo Bag",Keep in dry and clean place at room temperature,None declared,White to off-white powder,"Modified Starch manufactured by Starpro Starch (Thailand) Co., Ltd, used in food Additive.",STARPRO,,
83,Siveele Technical Sheet Nataseen-L.pdf,Savory - Meat; Dairy - Cheese,Natural Antimicrobial Preservative,AWA Food Additives,5-50 mg per kg,24 months from date of production when stored according to recommendations,Natamycin (E235): Min. 50%; Lactose: Max. 50%,"Natamycin (E235), Lactose",10 kg per carton / 20 x 500 gram jars,"Store in cool (<25°C) and dry conditions (<65% RH). Once opened, Store between 4-25°C in original package in dry conditions, Away from direct sunlight.",Contains: Milk and products thereof (including lactose),"Powder, Off-white to creamy","Natural Antimicrobial Preservative manufactured by Siveele B.V., used in meat products, cheese, bakery, yoghurt, sour cream, cream cheese, cottage cheese, fruit juices, fruit pulp, canned foods, quick frozen lobster, fish pastes, fish roe and spawn.","Škrobárny Pelhřimov, a.s",,
84,Siveele Technical Sheet NiseenR-S.pdf,Savory - Meat; Dairy - Cheese,Natural Antimicrobial,AWA Food Additives,25-500 mg per kg or litre of food,24 months from date of production when stored according to recommendations,"Nisin (E 234) Min. 1,000 IU/mg, Sodium chloride Min. 50%",Nisin,10 kg per carton / 20 x 500 gram jars,"Store in cool (<25°C) and dry conditions (<65% RH). Once opened, Store between 4-25°C in original package in dry conditions, Away from direct sunlight.",None declared,"Powder, Off-white to light tan","Natural Antimicrobial manufactured by Siveele B.V., used in meat products, cheese, bakery, cream products, dairy and fat based desserts, yoghurt, flavoured milk and milk drinks, fruit and vegetable preparations, dips and snacks, pasteurised liquid egg products, slices and toppings, canned food, processed meats and fermentation products.","Škrobárny Pelhřimov, a.s",,
85,Sweetex 2E -TDS.pdf,Confectionery - Confectionery; Beverages - Beverages; Dairy - Ice Cream; Bakery & snacks - Biscuits & Cookies,Non-Caloric Sweetener's Mixture,AWA Food Solutions,,24 months from production date,appearance: White Crystalline Powder; solubility: Soluble in water; moisture content: ≤1%; ash content: ≤1%,"Erythritol E 968, Sucralose E 955, Anti-caking Agent E 551","Paper sacks with polyethylene liner (5kg, 10kg and 25kg)","Keep in a cool and dry place, Away from heat and sunlight",None declared,White crystalline powder,"Non-Caloric Sweetener's Mixture, used in ice cream, Confectionery, Beverages (Hot and Cold) and Bakery.",AWA Food Solutions,,
86,Sweetex 2F -TDS.pdf,Confectionery - Confectionery; Beverages - Beverages; Dairy - Ice Cream; Bakery & snacks - Biscuits & Cookies,Non-Caloric Sweetener's Mixture,AWA Food Solutions,,24 months from production date,appearance: White Crystalline Powder; solubility: Soluble in water; moisture content: ≤1%; ash content: ≤1%; total plate count: ≤ 500 cfu/g; total yeasts and molds count: ≤ 50 cfu/g; coliform: <10 cfu/g; e coli: Absent / g,"Erythritol E 968, Fructooligosaccharides, Anti-caking Agent E 551","Paper sacks with polyethylene liner (5kg, 10kg and 25kg)","Keep in a cool and dry place, Away from heat and sunlight",None declared,White crystalline powder,"Non-Caloric Sweetener's Mixture, used in ice cream, Confectionery, Beverages (Hot and Cold) and Bakery.",AWA Food Solutions,,
87,Sweetex 2P -TDS.pdf,Confectionery - Confectionery; Beverages - Beverages; Dairy - Ice Cream; Bakery & snacks - Biscuits & Cookies,Non-Caloric Sweetener's Mixture,AWA Food Solutions,,24 months from production date,appearance: White Crystalline Powder; solubility: Soluble in water; moisture content: ≤1%; ash content: ≤1%,"Erythritol E 968, Polydextrose E 1200, Anti-caking Agent E 551","Paper sacks with polyethylene liner (5kg, 10kg and 25kg)","Keep in a cool and dry place, Away from heat and sunlight",None declared,White crystalline powder,"Non-Caloric Sweetener's Mixture, used in ice cream, Confectionery, Beverages (Hot and Cold) and Bakery.",AWA Food Solutions,,
88,Sweetex S - TDS.PDF,Confectionery - Confectionery; Beverages - Beverages; Dairy - Ice Cream; Bakery & snacks - Biscuits & Cookies,Non-Caloric Sweetener,AWA Food Solutions,,24 months from production date,appearance: White Crystalline Powder; odor: Neutral; solubility: Soluble in water; moisture content: ≤1%; ash content: ≤1%; total plate count: ≤ 500 cfu/g; total yeasts and molds count: ≤ 50 cfu/g; coliform: <10 cfu/g; e coli: Absent / g,Erythritol E968; Stevia E960; Anti-caking Agent E551,"Paper sacks with polyethylene liner (5kg, 10kg and 25kg)","Keep in a cool and dry place, Away from heat and sunlight",None declared,White crystalline powder,"Non-Caloric Sweetener, used in ice cream; Confectionery; Beverages (Hot and Cold); Bakery.",AWA Food Solutions,,
89,Sweetex SS - TDS.PDF,Confectionery - Confectionery; Beverages - Beverages; Dairy - Ice Cream; Bakery & snacks - Biscuits & Cookies,Non-Caloric Sweetener's Mixture,AWA Food Solutions,1g per serving,24 months from production date,appearance: White Crystalline Powder; odor: Neutral; solubility: Soluble in water; moisture content: ≤1%; ash content: ≤1%; total plate count: ≤ 500 cfu/g; total yeasts and molds count: ≤ 50 cfu/g; coliform: <10 cfu/g; e coli: Absent / g,Erythritol E968; Stevia E960; Sucralose E955; Anti-caking Agent E551,"Paper sacks with polyethylene liner (5kg, 10kg and 25kg)","Keep in a cool and dry place, Away from heat and sunlight",None declared,White crystalline powder,"Non-Caloric Sweetener's Mixture, used in ice cream; Confectionery; Beverages (Hot and Cold); Bakery.",AWA Food Solutions,,
90,TDS ID-20.pdf,Dairy - Ice Cream,Modified Starch,AWA Food Additives,"{""2"": 0.7, ""4"": 0.7, ""6"": 0.65, ""8"": 0.65, ""10"": 0.6, ""12"": 0.6}",24 months,pH: 8±1; Ash: Max 7%; Moisture: Max.8%; Viscosity > 25°c: Min 400cPs; Viscosity > 75°c: Min 230cPs,Mono & Diglycerides of fatty acids (E471); Guar Gum (E412); Cellulose Gum (E466); Carrageenan (E407); LBG (E410); Dextrose Anhydrous,Carton box containing PE bags (20 kg per bag),Store at cool and dry place away from aromatic products,None declared,Off white to yellowish powder,"Modified Starch, used in ice Cream.",AWA Food Solutions,,
91,TEXTRA BV100.pdf,Savory - Seasoning,Food-Grade Stabilisers Blend,AWA Food Solutions,0.2 – 0.3%,2 years,appearance: Fine powder; color: Off white to yellowish white,Cellulose gum E466; Xanthan gum E415; Guar gum E412,unopened bags,Cool and dry,None declared,Fine powder,"Food-Grade Stabilisers Blend manufactured by Textra BV, used in fruit drinks and fruit drink concentrates.",AWA Food Solutions,,
92,TEXTRA _ D237.pdf,Savory - Seasoning,Emulsifier and Stabilizers,AWA Food Solutions,0.1-0.3%,2 years,appearance: Fine powder; color: Off white to yellowish powder; moisture: Max. 15%,Mono- and diglycerides: E471; Carrageenan: E407; Guar gum: E412,"Paper sacks with polyethylene liner, 25 Kg.",Store in a dry place away from heat and humidity,None declared,Fine powder,"Emulsifier and Stabilizers, used in chocolate milk, Recombined milk.",AWA Food Solutions,,
93,TVP TDS-A+.pdf,Savory - Meat,Textured Soy Protein,AWA Food Additives,Hydrate by adding 2.5 -3 kg of water for every kg of TVP,,Moisture: Max 10%; Protein: Min 50%; Lipids: Max 1%; Fiber: 4%; Ash: Max 8%; Carbohydrates: Min.29; Water absorption: 280%-320%; Yaest/Mold: <100 cfu/g; Total Aerobia: <20000 cfu/g; E.coli: Negative; Salmonella/25g: Negative,Soy protein,Multifold paper bags 13 kg,Easy use and storage,,Textured powder,"Textured Soy Protein manufactured by Awa Food Additives, used in meat products.",AWA Food Solutions,,
94,TVP TDS.pdf,Savory - Meat,Textured Soy Protein,AWA Food Additives,2.5-3 kg of water for every kg of TVP,,Moisture: Max 10%; Protein: D/B (N*6.25) Min 40%; Lipids: Max 1%; Fiber: 4%; Ash: Max 8%; Carbohydrates: Min.29; Water absorption: 280%-320%; Yaest/Mold: <100 cfu/g; Total Aerobia: <20000 cfu/g; E.coli: Negative; Salmonella/25g: Negative,,Multifold paper bags 15 kg,,,,"Textured Soy Protein manufactured by Awa Food Additives, used in meat products.",AWA Food Solutions,,
95,Talaga 300.pdf,Dairy - Cheese,"Modified Starch, Emulsifier",AWA Food Additives,0.25 -0.35%,2 years,moisture: Max. 4%; viscosity: 12 : 22 cPs; pH: 7-9,Emulsifiers E471; Disodium phosphate E339; Guar Gum E412; Gelatin E441; Salt,Paper sacks with polyethylene liner 25 Kg.,Store in a dry place away from heat and humidity.,None declared,White cheese powder,"Modified Starch, Emulsifier, used in talaga white cheese.",Turkphos,,
96,Textra - D237.pdf,Savory - Seasoning,Food-Grade Emulsifier and Stabilisers,AWA Food Solutions,0.1-0.3%,24 months,"appearance: Fine powder; color: Off white to yellowish powder; loss on drying: Not more than 15%; microbiological > total plate count: max. 10,000 cfu/g; microbiological > yeast and mould: max. 500 cfu/g; microbiological > salmonella: absent in 25 g; microbiological > e coli: absent in 1 g","Mono- and diglycerides E471, Carrageenan E407, Guar gum E412","Paper sacks with polyethylene liner, 25 kg",Store in a dry place away from direct sunlight,None declared,Fine powder,"Food-Grade Emulsifier and Stabilisers manufactured by Textra, used in chocolate milk, Recombined milk.",AWA Food Solutions,,
97,Textra BV238.pdf,Savory - Seasoning,Modified Starch,AWA Food Solutions,0.2 – 0.3%,24 months,moisture limits: not more than 10%,name: Cellulose gum; e-number: E466; name: Xanthan gum; e-number: E415; name: Guar gum; e-number: E412,"Heavy duty bags, 25 kg",Store in a dry place away from direct sunlight,None declared,Off white to yellowish powder,"Modified Starch manufactured by Textra BV, used in fruit drinks and fruit drink concentrates.",AWA Food Solutions,,
98,Textra CM ICE 200ⓩ.pdf,Dairy - Ice Cream,Mixture of Food Grade Ingredients (Ice Cream Stabilizer/Emulsifier Blend),AWA Food Solutions,0.60 - 0.35% depending on fat content,2 years from date of production,pH: 8 : 10; moisture: Max. 5%; viscosity: Min 80 cPs,Mono & diglycerides of fatty acids E471; Guar Gum EE-441721; Cellulose Gum E466; Carrageenan E407; Dextrose Anhydrous,Carton box containing PE bags (20 kg per bag),Store in a dry place away from heat and humidity,None declared,Off white to yellowish powder,"Mixture of Food Grade Ingredients (Ice Cream Stabilizer/Emulsifier Blend), used in ice cream.",AWA Food Solutions,,
99,Textra CM Ice 200 ⓢ TDS.pdf,Dairy - Ice Cream,Mixture of Food Grade Ingredients (Ice Cream Stabilizer/Emulsifier Blend),AWA Food Solutions,"{""2"": 0.6, ""4"": 0.55, ""6"": 0.5, ""8"": 0.45, ""10"": 0.4, ""12"": 0.35}",24 months from production date,pH: 8 : 10; moisture: Max. 5%; viscosity: Min 80 cP,Microbiological Specification; M; ac; o; id; n; s; o & Diglycerides of fatty; E-471 Y; C; e; a; lif; s; o; t; r; a; m; n d; Mold Ma; <; x; 1; .; 0; 5; 0; c; 0; fu; c; /g; fu /g; Guar Gum E-412; E.Coli Absent; Cellulose Gum E-466; Carrageenan E-407; Dextrose Anhydrous,"Carton box, 20 kg",Store at cool and dry place away from aromatic products,,Off white to yellowish powder,"Mixture of Food Grade Ingredients (Ice Cream Stabilizer/Emulsifier Blend) manufactured by AWA Foodsolutions, used in ice Cream.",AWA Food Solutions,,
100,Textra Cream 300.pdf,Dairy - Dairy & Creamers,Stabilizer,AWA Food Solutions,0.40-0.50%,24 months,loss on drying: Max. 12%; pH: 6 – 7; total plate count: Max. 1000 cfu/g; yeast and mold: Max. 500 cfu/g; coliform: <10 cfu/g; e coli: Absent,Gelatin; Guar Gum E-412; Dextrose Anhydrous,"Heavy duty bags, 25 kg",Store in a dry place away from direct sunlight,None declared,,"Stabilizer, used in natural Cream; Vegetable Cream.",AWA Food Solutions,,
101,Textra F 136-.pdf,Savory - Seasoning,Blend of Food Grade Stabilizers,AWA Food Solutions,0.1 – 0.3% according to desired texture and protein level,24 months after production,"Loss on drying Max. 14%, pH (Measured in a 1% aqueous solution) - not specified","Modified Starch E-1422, Gelatin E-441, Mono & Diglyceride E-471, Dextrose, Yeasts and Molds, Salmonella Sp., E. Coli","25 kg, 5 kg, 1 kg Heavy duty bags","Should be stored away from aromatic products, Under cool and dry conditions",None declared,Light brown to white powder,"Blend of Food Grade Stabilizers manufactured by Awa Foodsolutions, used in yogurt, Fermented dairy products.",AWA Food Solutions,,
102,Textra FM 200X.pdf,Bakery & snacks - Cake & Pastry,"Modified Starch, Emulsifier, Carrageenan",AWA Food Solutions,0.7%,24 months,Moisture: Max.10%; Ash: Max. 8%; Viscosity: Min. 60 cPs,Pectin E-440ii; Mono and Diglycerides of fatty acids E-471; CMC E-466; Carrageenan E-407; Guar Gum E-412; Tara Gum E-417,"Heavy duty bags, 20 kg",Store in a dry place away from direct sunlight,None declared,Creamy to white powder,"Modified Starch, Emulsifier, Carrageenan, used in meat products, cheese, bakery.",AWA Food Solutions,,
103,Textra Feta 152.pdf,Dairy - Cheese,Blend of Food Grade Stabilizers & Emulsifier,AWA Food Solutions,0.4 – 0.5% depending on protein amount,2 years from date of production,moisture: Max. 8%; viscosity: Min 40 cPs; pH: 6 : 7.5,Emulsifiers E471; Guar gum E412; Arabic gum E414; Salt,"Paper sacks with polyethylene liner, 25 Kg",Store in a dry place away from heat and humidity,None declared,,"Blend of Food Grade Stabilizers & Emulsifier, used in low protein feta cheese.",AWA Food Solutions,,
104,Textra Feta 341.pdf,Dairy - Cheese,Blend of Food Grade Stabilizers & Emulsifier,AWA Food Solutions,0.3 – 0.5% depending on protein amount,2 years from date of production,moisture: Max. 8%; viscosity: Min 40 cPs; pH: 6 : 7.5,Carrageenan E407; Guar gum E412; Emulsifiers E471; Arabic gum E414; Modified Potato E1422; Tara gum E417; Salt,"Paper sacks with polyethylene liner, 25 Kg",Store in a dry place away from heat and humidity,None declared,Powder form,"Blend of Food Grade Stabilizers & Emulsifier, used in low protein feta cheese.",AWA Food Solutions,,
105,Textra Feta 400.pdf,Dairy - Cheese,Blend of Food Grade Stabilizers & Emulsifier,AWA Food Solutions,0.3 – 0.5% depending on protein content,2 years from date of production,moisture: Ma x. 8%; pH: 10-12; total plate count: Ma x. 5000 cfu/g; yeast and mold: Ma x 500. cfu/g; coliform: < 10 cfu/g; ecoli: Absent,Carrageenan E407; Guar Gum E412; Emulsifiers E471; Arabic gum E414; Modified Potato starch E1422; Salt,Paper sacks with polyethylene liner 25kg,Store in a dry place away from heat and humidity,None declared,Creamy to white powder,"Blend of Food Grade Stabilizers & Emulsifier, used in low protein Feta cheese.",AWA Food Solutions,,
106,Textra MA243.pdf,Savory - Seasoning,Modified Starch,AWA Food Solutions,0.04 – 0.05%,24 months,Loss on drying: Not more than 14%,"Carrageenan E407, Dextrose E1200, Mono- and diglycerides of fatty acids E471, Xanthan gum E415","Heavy duty bags, 25 kg",Store in a dry place away from direct sunlight,None declared,"Powder, Off white","Modified Starch, used in uHT foam milk.",AWA Food Solutions,,
107,Textra MS 4060.pdf,Dairy - Cheese,Modified Starch,AWA Food Solutions,0.25%,2 years,moisture: Max. 8%; ash: Max. 5%; total plate count: Max. 1000 cfu/g; total yeasts and molds count: Max. 500 cfu/g; coliform: <10 cfu/g; e coli: Absent,"Carbohydrates, Mono- and diglycerides E472","Paper sacks with polyethylene liner, 25 Kg.",Store in a dry place away from heat and humidity,None declared,Powder form,"Modified Starch, used in mozzarella Processed cheese.",AWA Food Solutions,,
108,Textra MS Pro.pdf,Savory - Seasoning,Modified Starch,AWA Food Solutions,0.5%,2 years,moisture: Max. 9%; ash: Max. 30%; viscosity: Min. 100 cPs,CMC E466; Sodium Alginate E401; Carrageenan E407,"Paper sacks with polyethylene liner, 25 Kg.",Store in a dry place away from heat and humidity,None declared,White powder,"Modified Starch, used in mozzarella Analogue in (low and medium protein).",AWA Food Solutions,,
109,Textra ND203.pdf,Dairy - Dairy & Creamers,Food-Grade Emulsifiers and Stabilizers,AWA Food Solutions,1.9 – 2%,12 months,appearance: Fine powder; color: Off white to yellowish powder; moisture: Ma x. 6%,Lactic acid esters of mono- and diglycerides of E472b; fatty acids; Microcrystalline cellulose E460i; Di Potassium phosphate E340; Tri Sodium phosphate E339; Sodium stearate E470a; Mono and diglycerides E471,Paper sacks with polyethylene liner 25 Kg.,Under conditions not exceeding 20 °C and 80% R.H.,None declared,Fine powder,"Food-Grade Emulsifiers and Stabilizers manufactured by Textra, used in pasteurized and UHT non-dairy whipping cream.",AWA Food Solutions,,
110,Textra P 105.pdf,Dairy - Cheese,Carrageenan,AWA Food Solutions,0.2 – 0.5%,24 months from production date,moisture content: Max. 10%; total plate count: Max. 1000 cfu/g; yeast and mold: Max. 500 cfu/g; coliform: <10 cfu/g; e coli: Absent,Carrageenan E-407,"Heavy duty bags, 25 kg",Stored in dry place away from direct sunlight,None declared,Powder form,"Carrageenan, used in processed cheese; Meat.",AWA Food Solutions,,
111,Textra P 106.pdf,Dairy - Cheese,Blend of Food Grade Stabilizers and Emulsifiers,AWA Food Solutions,0.2%-0.6%,24 months from production date,moisture: 5-8.5%; viscosity: 350-500 cP,Carrageenan E-407; Xanthan Gum E-415; Emulsifier E-471,"Heavy duty bags, 25 kg s.code: 80034",Stored in dry place away from direct sunlight,None declared,,"Blend of Food Grade Stabilizers and Emulsifiers, used in spreadable Processed cheese.",AWA Food Solutions,,
112,Textra P 108 AH.pdf,Dairy - Cheese,Blend of Food Grade Stabilizers,AWA Food Solutions,0.1%-0.5%,24 months from production date,moisture: Max 10%; viscosity: Min 350 cP; pH: 6 – 8.5,Modified Starch E-1422; Xanthan Gum E-415; Emulsifier E-471; Carrageenan E-407,"Heavy duty bags, 25 kg s.code: 80142",Stored in dry place away from direct sunlight,None declared,,"Blend of Food Grade Stabilizers, used in spreadable Processed cheese.",AWA Food Solutions,,
113,Textra P 125.pdf,Dairy - Cheese,Blend of Food Grade Stabilizers,AWA Food Solutions,0.1 – 0.2%,24 months from production date,"Loss on drying Max. 15%, pH 6.5 – 7.5",Carrageenan E-407; Xanthan Gum E-415; Trisodium phosphate; Locust Bean gum,"Heavy duty bags, 25 kg","Away from aromatic products, Under conditions not exceeding 25 °C and 70% atmospheric humidity",None declared,Creamy to white powder,"Blend of Food Grade Stabilizers manufactured by Awa Foodsolutions, used in spreadable processed cheese.",AWA Food Solutions,,
114,Textra P 204.pdf,Dairy - Cheese,Gelling System,AWA Food Solutions,0.8 – 2%,24 months from production date,moisture: Max. 12%; viscosity: Min 30 cP; ash: Max 5%,Maltodextrin; Cellulose gum E466; Carrageenan E407; Sodium alginate E401; Locust bean gum E410,"Heavy duty bags, 25 kg",Should be stored under cool and dry conditions in unopened bags,,Off-white to yellowish powder,"Gelling System manufactured by Awa Foodsolutions, used in spreadable processed cheese.",AWA Food Solutions,,
115,Textra P104.pdf,Savory - Seasoning,Carrageenan,AWA Food Solutions,0.05 - 0.10%,2 years,pH: 6.50 - 7.50; moisture: Max. 14%; water viscosity: Min. 10 mPas; water gel strength: Min. 30 gf; potassium gel strength: 60 - 190 gf,Carrageenan E 407a,"Paper sacks with polyethylene liner, 25 Kg",Store in a dry place away from heat and humidity,None declared,Creamy – white powder,"Carrageenan, used in dairy Products; Chocolate Milk; Flans; Custards.",AWA Food Solutions,,
116,Textra P105K.PDF,Dairy - Cheese,Food Grade Carrageenan,AWA Food Solutions,0.2 – 0.5%,2 years from date of production,moisture: Max. 10%; pH: 7-11; gel strength: Min 230 gf,"Carrageenan E407, Dextrose, Potassium Chloride E508","Paper sacks with polyethylene liner, 25 Kg",Store in a dry place away from heat and humidity,None declared,Powder form,"Food Grade Carrageenan, used in processed cheese, Meat.",AWA Food Solutions,,
117,Textra P106 R.PDF,Dairy - Cheese,"Modified Starch, Emulsifier, Carrageenan",AWA Food Solutions,0.08 – 0.15%,2 years,"appearance: Creamy to white powder; odor: Neutral; moisture: Max. 12%; viscosity: Min. 300 cPs (LV, 50rpm, L2, at 25˚C)","Carrageenan E407, Xanthan Gum E415, Emulsifier E471","Paper sacks with polyethylene liner, 25 Kg.",Store in a dry place away from heat and humidity,,Creamy to white powder,"Modified Starch, Emulsifier, Carrageenan, used in meat products, cheese.",AWA Food Solutions,,
118,Textra P106 X.pdf,Dairy - Cheese,Blend of Food Grade Stabilizers and Emulsifiers,AWA Food Solutions,0.2 - 0.6%,2 years,moisture: 5 : 8.5%; viscosity: 500 cPs (at 25˚C),Carrageenan E407; Xanthan Gum E415; Trisodium citrate E331,"Paper sacks with polyethylene liner, 25 Kg.",Store in a dry place away from heat and humidity,None declared,,"Blend of Food Grade Stabilizers and Emulsifiers, used in processed cheese.",AWA Food Solutions,,
119,Textra P53.pdf,Dairy - Cheese,Blend of Food Grade Stabilizers,AWA Food Solutions,0.5 – 0.8%,2 years,appearance: Creamy to White Powder; odor: Neutral; moisture: Max. 10%; viscosity: Min. 30 cPs (1% solution),Carrageenan E407; Xanthan Gum E415; Emulsifier E471,"Paper sacks with polyethylene liner, 25 Kg",Store in a dry place away from heat and humidity,None declared,Creamy to white powder,"Blend of Food Grade Stabilizers, used in spreadable processed cheese.",AWA Food Solutions,,
120,Textra T 13-.pdf,Bakery & snacks - Cake & Pastry,Modified Starch,AWA Food Solutions,2.00 – 2.50%,24 months from production date,Loss on drying: Max. 18%; pH (1% aqueous solution): 6-8,"Native Starch, Tricalcium Phosphate",25 kg Heavy duty bags,"Cool and dry conditions, Away from aromatic products",None declared,Creamy to white powder,"Modified Starch manufactured by Awa Foodsolutions, used in meat products, cheese, bakery.",AWA Food Solutions,,
121,Textra TP 100.pdf,Savory - Seasoning,Unique Filler of Natural Ingredients,AWA Food Solutions,"Replace 3kg of 36 Brix tomato paste with 1kg of Textra TP 100+2kg water, or 6-15% of tomato paste or 10% of tomato sauce",2 years from date of production,Moisture: Max 10%; Protein: Max 12%; Total Plate Count: Max. 1000 cfu/g; Total Yeasts and Molds Count: Max. 500 cfu/g; Coliform: <10 cfu/g; E. coli: Absent,Vegetable Origin Fibers,"Paper sacks with polyethylene liner, 25 Kg",Store in a dry place away from heat and humidity,Contains: Soybeans,,"Unique Filler of Natural Ingredients, used in tomato Sauce, Ketchup.",AWA Food Solutions,,
122,Textra Talaga 1000.pdf,Dairy - Cheese,Blend of Food Grade Stabilizers & Emulsifier,AWA Food Solutions,0.3 -0.5% depending on protein,2 years from date of production,moisture: Max.8%; pH: 6 : 7,Mono and diglyceride E471; Guar Gum E412; MCC E460; Salt,Paper sacks with polyethylene liner 25 Kg.,Store in a dry place away from heat and humidity.,None declared,Creamy to white powder,"Blend of Food Grade Stabilizers & Emulsifier, used in white cheese.",AWA Food Solutions,,
123,Valiren 2400 Granular SPECIFICATION v3.pdf,Savory - Seasoning,Modified Starch,AWA Food Additives,7-11 gram per 1000 litres of milk,3 years under storage conditions,Activity: ≥ 2400 IMCU/g; Heavy metals: < = 30 ppm; Lead: < = 5 ppm; Arsenic: < = 3 ppm; Mercury: < = 0.5 ppm; Cadmium: < = 0.5 ppm,"Microbial Rennet derived from Rhizomucor miehei (milk clotting protease enzyme), sodium chloride, sodium benzoate","Food Grade HDPE, available in various different packaging starting from 0.5 kg to 50 kg","Sealed containers under cool, Dry conditions to minimize the loss of activity. Shelf life can be extended by storing under refrigeration at 5°C.",None declared,Brownish granular,"Modified Starch, used in enzyme use levels are generally dictated by processing conditions, milk composition, and CaCl concentration. In general, 7-11 gram of Valiren 2400 Granular is used per 1000 litres of milk, but laboratory or pilot scale tests should be run to optimize dose levels.",Mayasan Biotech,,
124,Vanillia-01.pdf,Bakery & snacks - Cake & Pastry,Modified Starch,AWA Food Additives,0.1 – 0.5% according also to desired flavor intensity and application,2 years from date of production,moisture: 9% Max.; total plate count: Max. 1000 cfu/g; yeast and mold: Max. 500 cfu/g; coliform: <10 cfu/g; e coli: Absent,Vanilla; Monosaccharides,Paper sacks with polyethylene liner,Store in a dry place away from heat and humidity,None declared,,"Modified Starch, used in cakes; Beverages; Confectionery; Chocolates; Bakery; Ice Cream.",AWA Food Solutions,,
125,textra w 138.pdf,Dairy - Cheese,"Modified Starch, Emulsifier, Carrageenan",AWA Food Solutions,0.1% (1kg/ton),24 months from production date,moisture: Max 5%; viscosity: Min 10cP at 25°C,Salt; Emulsifiers E471; Gelatin E441; Disodium phosphate E339; Guar Gum E412; Carrageenan E407,"Paper sacks with polyethylene liner, 25kg",Stored in dry place away from direct sunlight,None declared,,"Modified Starch, Emulsifier, Carrageenan, used in cutting soft white cheese.",AWA Food Solutions,,
126,Solvarin ACAD-B spec.EN.pdf,Savory - Meat; Dairy - Cheese,Acetylated Adipan of Potato Starch E 1422,AWA Food Additives,,24 months from production date,"Dry matter min 80.0%, pH 5.5-7.5","potato starch (food grade), acetylated adipan and esterifyed acetanhydrid","multi layer paper sacks, 20 or 25 kg",Unopened package stored in dry and clean place without presence of material which odour could adversaly influence the product,None declared,"Mild powder, Slightly yellowish. Clean, Without odour or taste.","Acetylated Adipan of Potato Starch E 1422 manufactured by Škrobárny Pelhřimov, a.s, used in cheese production/industry.","Škrobárny Pelhřimov, a.s",,
127,OLEORESIN PAPRIKA (Oleoresins).pdf,Savory - Seasoning,Oleoresin,AWA Bio,,Best before 24 months under the specified storage conditions,,"Botanical Name: Capsicum annuum L.(Family: Solanaceae),; is obtained by solvent extraction of paprika, Capsicum annuum L.(family: Solanaceae)","HDPE Jerry Cans,Bottles","Store in full, tight containers in a cool dry place protected from light and oxidation.",None declared,Dark red oil  liquid,"OLEORESIN PAPRIKA manufactured for AWA Bio, used in savory processed food solutions.",AWA Bio,,
128,Rosemary oleoresin (Oleoresins).pdf,Savory - Seasoning,Oleoresin,AWA Bio,,Best before 24 months under the specified storage conditions,,General Name: Rosemary; Rosemary extract is obtained by solvent extraction of dried,"HDPE Pails, Bottles","Store in full, tight containers in a cool dry place protected from light and oxidation.",None declared,Greenish brown coloured viscous liquid.,"Rosemary oleoresin manufactured for AWA Bio, used in savory& processed food solutions, anti-oxidant.",AWA Bio,,
129,OLEORESIN THYME (Oleoresins).pdf,Savory - Seasoning,Oleoresin,AWA Bio,,Best before 24 months under the specified storage conditions.,,General Name: OLEORESIN THYME; is made by solvent extraction of the dried,"HDPE Jerry Cans,Pails,Bottles","Store in full, tight containers in a cool dry place protected from light and oxidation.",None declared,Dark brown pourable liquid .,"OLEORESIN THYME manufactured for AWA Bio, used in savory& processed food solutions, anti-oxidant.",AWA Bio,,
130,OLEORESIN TURMERIC (Oleoresins).pdf,Savory - Seasoning,Oleoresin,AWA Bio,,Best before 24 months under the specified storage conditions,,Botanical Name: Curcuma longa L. ( Family:Zingiberaceae); Solvent extraction of the dried rhizomes of Curcuma longa L.,"HDPE Pails,Bottles","Store in full, tight containers in a cool dry place protected from light and oxidation.",None declared,Yellow to Orange viscous liquid.,"OLEORESIN TURMERIC manufactured for AWA Bio, used in savory&processed food solutions.",AWA Bio,,
131,OLEORESIN WHITE PEPPER (Oleoresins).pdf,Savory - Seasoning,Oleoresin,AWA Bio,,Best before 24 months under the specified storage conditions,,Botanical Name: Piper nigrum L. (Family: Piperaceae).; Solvent extraction of the white pepper prepared from ripe pepper berries by disintegration of,"HDPE Pails, Bottles","Store in full, tight containers in a cool dry place protected from light and oxidation.",None declared,Light yellowish brown liquid.,"OLEORESIN WHITE PEPPER manufactured for AWA Bio, used in savory& processed food solutions,.",AWA Bio,,
132,Oleoresin Black Pepper (Oleoresins).pdf,Savory - Seasoning,Oleoresin,AWA Bio,,Best before 24 months under the specified storage conditions,,Botanical Name: Piper nigrum L. (Family: Piperaceae).; is obtained by solvent extraction of the dry unripe berries of Piper nigrum L.,"HDPE Pails, Bottles","Store in full, tight containers in a cool dry place protected from light and oxidation.",None declared,Olive Green coloured viscous Product,"Oleoresin Black Pepper manufactured for AWA Bio, used in savory& processed food solutions.",AWA Bio,,
133,Oleoresin Fennel (Oleoresins).pdf,Savory - Seasoning,Oleoresin,AWA Bio,,Best before 24 months under the specified storage conditions,,General Name: Fennel; is obtained by solvent extraction of seeds of cultivated variety,"HDPE Jerry Cans,Bottles","Store in full, tight containers in a cool dry place protected from light and oxidation.",None declared,Dark Liquid with greenish tint.,"Oleoresin Fennel manufactured for AWA Bio, used in savory& processed food solutions.",AWA Bio,,
134,Oleoresin Basil (Oleoresins).pdf,Savory - Seasoning,Oleoresin,AWA Bio,,Best before 24 months under the specified storage conditions.,,General Name: BASIL,"HDPE Pails, Bottles","Store in full, tight containers in a cool dry place protected from light and oxidation.",None declared,Dark greenish brown viscous liquied .,"Oleoresin Basil manufactured for AWA Bio, used in savory&processed food solutions,anti-oxidant.",AWA Bio,,
135,Oleoresin Capsicum (Oleoresins).pdf,Savory - Seasoning,Oleoresin,AWA Bio,,Best before 24 months under the specified storage conditions,,Botanical Name: Capsicum annuum L.or Capsicum frutescens L. (Family: Solanaceae); Solvent extraction of the dried pods of Indian red chillies,"HDPE Jerry Cans,Bottles","Store in full, tight containers in a cool dry place protected from light and oxidation.",None declared,Dark red liquid,"Oleoresin Capsicum manufactured for AWA Bio, used in savory processed food solutions.",AWA Bio,,
136,OLEORESIN CARDAMOM (Oleoresins).pdf,Savory - Seasoning,Oleoresin,AWA Bio,,Best before 24 months under the specified storage conditions,,Botanical Name: Elettaria cardamomum Maton (Family: Zingiberaceae).; is obtained by solvent extraction of the seeds of Elettaria,"HDPE Jerry Cans,Bottles","Store in full, tight containers in a cool dry place protected from light and oxidation.",None declared,Olive green oily liquid,"OLEORESIN CARDAMOM manufactured for AWA Bio, used in savory& processed food solutions.",AWA Bio,,
137,OLEORESIN CELERY (Oleoresins).pdf,Savory - Seasoning,Oleoresin,AWA Bio,,Best before 24 months under the specified storage conditions,,Botanical Name: Apium graveolens L.(Family :  Umbelliferae); Solvent extraction of the dried seeds,"HDPE Jerry Cans,Bottles","Store in full, tight containers in a cool dry place protected from light and oxidation.",None declared,Light olive green oily liquid.,"OLEORESIN CELERY manufactured for AWA Bio, used in savory& processed food solutions.",AWA Bio,,
138,Oleoresin Cinnamon (Oleoresins).pdf,Savory - Seasoning,Oleoresin,AWA Bio,,Best before 24 months under the specified storage conditions,,Botanical Name: Cinnamomum cassi a blume/Naes L. (Family: Lauraceae) .; is made by solvent extraction of the dried bark of Cinnamomum cassia Nees/Blume (family:,"HDPE Jerry Cans,Bottles","Store in full, tight containers in a cool dry place protected from light and oxidation.",None declared,Dark brown liquid.,"Oleoresin Cinnamon manufactured for AWA Bio, used in savory& processed food solutions..",AWA Bio,,
139,Oleoresin Clove (Oleoresins).pdf,Savory - Seasoning,Oleoresin,AWA Bio,,Best before 24 months under the specified storage conditions,,"Botanical Name: Syzygium aromaticum L.(Family: Myrtaceae).; is obtained by solvent extraction of dried clove bud, Syzygium","HDPE Jerry Cans,Bottles","Store in full, tight containers in a cool dry place protected from light and oxidation.",None declared,Brown liquid,"Oleoresin Clove manufactured for AWA Bio, used in savory& processed food solutions.",AWA Bio,,
140,Oleoresin Coriander (Oleoresins).pdf,Savory - Seasoning,Oleoresin,AWA Bio,,Best before 24 months under the specified storage conditions,,Botanical Name: Coriandrum sativum L.(Family :  Umbelliferae); Solvent extraction of the dried seeds,"HDPE Jerry Cans, Bottles","Store in full, tight containers in a cool dry place protected from light and oxidation.",None declared,Yellowish brown oily liquid.,"Oleoresin Coriander manufactured for AWA Bio, used in savory& processed food solutions.",AWA Bio,,
141,Oleoresin Cumin (Oleoresins).pdf,Savory - Seasoning,Oleoresin,AWA Bio,,Best before 24 months under the specified storage conditions,,Botanical Name: Cuminum Cyminum  (Family: Umbelliferae ).; Solvent extraction of dried ripe fruit (Seed).,"HDPE Jerry Cans,Bottles","Store in full, tight containers in a cool dry place protected from light and oxidation.",None declared,Dark brownish Green Liquid,"Oleoresin Cumin manufactured for AWA Bio, used in savory& processed food solutions..",AWA Bio,,
142,Fenugreek Oleoresin ws (Oleoresins).pdf,Savory - Seasoning,Oleoresin,AWA Bio,,Best before 24 months under the specified storage conditions,,"Botanical Name: Trigonella f oenum –graecum L .(family: Papilionaceae); is obtained by solvent extraction of roasted seeds of fenugreek, Trigonella foenum","HDPE Pails,Bottles","Store in full, tight containers in a cool dry place protected from light and oxidation.",None declared,Dark brown Thick liquid,"Fenugreek Oleoresin ws manufactured for AWA Bio, used in savory& processed food solutions.",AWA Bio,,
143,OLEORESIN GINGER (Oleoresins).pdf,Savory - Seasoning,Oleoresin,AWA Bio,,Best before 24 months under the specified storage conditions,,Botanical Name: Zingiber officinale Rosc. (Family: Zingiberaceae).; is obtained by solvent extraction of dried rhizomes of,"HDPE Pails,Bottles","Store in full, tight containers in a cool dry place protected from light and oxidation.",None declared,Dark brown viscous liquid.,"OLEORESIN GINGER manufactured for AWA Bio, used in savory& processed food solutions.",AWA Bio,,
144,Mace Oleoresin (Oleoresins).pdf,Savory - Seasoning,Oleoresin,AWA Bio,,Best before 24 months under the specified storage conditions.,,General Name: Mace Oleoresin; is obtained by solvent extraction of dried reticulated aril,HDP / Aluminium Container,"Store in full, tight containers in a cool dry place protected from light and oxidation.",None declared,"Brownish red, free flowing liquid.","Mace Oleoresin manufactured for AWA Bio, used in savory&processed food solutions.",AWA Bio,,
145,Oleoresin Nutmeg (Oleoresins).pdf,Savory - Seasoning,Oleoresin,AWA Bio,,Best before 24 months under the specified storage conditions,,Botanical Name: Myristica fragrans Houtt. (Family: Myristicaceae).; Solvent extraction of the dried seeds,"HDPE Pails,Bottles","Store in full, tight containers in a cool dry place protected from light and oxidation.",None declared,Light amber to reddish brown liquid with,"Oleoresin Nutmeg manufactured for AWA Bio, used in savory& processed food solutions.",AWA Bio,,
146,OLEORESIN OREGANUM (Oleoresins).pdf,Savory - Seasoning,Oleoresin,AWA Bio,,Best before 24 months under the specified storage conditions,,Botanical Name: Origanum vulgar; Solvent extraction of the dried rhizomes,"HDPE Pails,Bottles","Store in full, tight containers in a cool dry place protected from light and oxidation.",None declared,Dark brownish green pourable liquid.,"OLEORESIN OREGANUM manufactured for AWA Bio, used in savory&processed food solutions,anti-oxidant.",AWA Bio,,
147,Celery Seed Oil (Essential Oils).pdf,Savory - Seasoning,Essential Oil,AWA Bio,,Best before 24 months under the specified storage conditions.,,General Name: Celery; is obtained by steam distillation of the seeds of,"HDPE Jerry Cans,Bottles","Store in full, tight containers in a cool dry place protected from light and oxidation.",None declared,Yellowish-brown liquid,"Celery Seed Oil manufactured for AWA Bio, used in flavors, cosmetics.",AWA Bio,,
148,CINNAMON LEAF OIL (Essential Oils).pdf,Savory - Seasoning,Essential Oil,AWA Bio,,Best before 24 months under the specified storage conditions.,,General Name: Cinnamon leaf oil; Steam distillation of the cinnamon leav es.,"HDPE Jerry Cans, Bottles","Store in full, tight containers in a cool dry place protected from light and oxidation.",None declared,Pale yellow oily liquid,"CINNAMON LEAF OIL manufactured for AWA Bio, used in flavors, cosmetics.",AWA Bio,,
149,CLOVE LEAF OIL (Essential Oils).pdf,Savory - Seasoning,Essential Oil,AWA Bio,,Best before 24 months under the specified storage conditions.,,General Name: Clove Leaf oil; Steam distillation of the clove leaves.,"HDPE Jerry Cans,Bottles","Store in full, tight containers in a cool dry place protected from light and oxidation.",None declared,Colorless to yellow oily liquid,"CLOVE LEAF OIL manufactured for AWA Bio, used in flavors, cosmetics.",AWA Bio,,
150,Coriander Oil (Essential Oils).pdf,Savory - Seasoning,Essential Oil,AWA Bio,,Best before 24 months under the specified storage conditions.,,General Name: Coriander oil; Steam distillation of the Coriander Seed .,"HDPE Jerry Cans, Bottles","Store in full, tight containers in a cool dry place protected from light and oxidation.",None declared,"Colourless to pale yellow, mobile liquid SOP/","Coriander Oil manufactured for AWA Bio, used in flavors, cosmetics.",AWA Bio,,
151,CUMIN OIL (Essential Oils).pdf,Savory - Seasoning,Essential Oil,AWA Bio,,Best before 24 months under the specified storage conditions.,,General Name: Cumin oil; Steam distillation of the  Cumin Seed .,"HDPE Jerry Cans,Bottles","Store in full, tight containers in a cool dry place protected from light and oxidation.",None declared,Free flowing liquid colourless to pale,"CUMIN OIL manufactured for AWA Bio, used in flavors, cosmetics.",AWA Bio,,
152,Dill Oil (Essential Oils).pdf,Savory - Seasoning,Essential Oil,AWA Bio,,Best before 24 months under the specified storage conditions,,steam distillation of the dried seed,"HDPE Jerry Cans, Bottles","Store in full, tight containers in a cool dry place protected from light and oxidation.",None declared,Colorless-Yellow.,"Dill Oil manufactured for AWA Bio, used in flavors, cosmetics.",AWA Bio,,
153,EUGENOL (Essential Oils).pdf,Savory - Seasoning,Essential Oil,AWA Bio,,Best before 24 months under the specified storage conditions,,Botanical Name: Syzygium aromaticum L.(Family: Myrtaceae).; fractional distillation of Clove leaf oil (Syzygium aromaticum,"HDPE Jerry Cans, Bottles","Store in full, tight containers in a cool dry place protected from light and oxidation.",None declared,Colorless to pale yellow liquid,"EUGENOL manufactured for AWA Bio, used in flavors, cosmetics.",AWA Bio,,
154,GARLIC Oil (Essential Oils).pdf,Savory - Seasoning,Essential Oil,AWA Bio,,Best before 24 months under the specified storage conditions,,Botanical Name: Allium sativum L. (Family : Liliaceae); Proportionate blending of the essential oil with suitable additive.,"HDPE Jerry Cans,Bottles","Store in full, tight containers in a cool dry place protected from light and oxidation.",None declared,Pale yellow liquid..,"GARLIC Oil manufactured for AWA Bio, used in savory,processed food solutions.",AWA Bio,,
155,Ginger Oil (Essential Oils).pdf,Savory - Seasoning,Essential Oil,AWA Bio,,Best before 24 months under the specified storage conditions,,Botanical Name: Zingiber officinale Rosc. (Family: Zingiberaceae).; Steam distillation of the dried Ginger,"HDPE Jerry Cans,Bottles","Store in full, tight containers in a cool dry place protected from light and oxidation.",None declared,Liquid,"Ginger Oil manufactured for AWA Bio, used in flavors,cosmetics.",AWA Bio,,
156,Mace OIL (Essential Oils).pdf,Savory - Seasoning,Essential Oil,AWA Bio,,Best before 24 months under the specified storage conditions.,,General Name: Mace oil; is obtained by steam distillation of the dried reticulated aril of,"HDPE Jerry Cans,Bottles","Store in full, tight containers in a cool dry place protected from light and oxidation.",None declared,Colorless to  pale  yellow oil,"Mace OIL manufactured for AWA Bio, used in flavors,cosmetics.",AWA Bio,,
157,MUSTARD Flavor (Essential Oils).pdf,Savory - Seasoning,Essential Oil,AWA Bio,,Best before 24 months under the specified storage conditions,,Botanical Name: Brassica juncea Forge (Family: Cruciferae); Proportionate blending of the essential oil with suitable additive.,"HDPE Jerry Cans,Bottles","Store in full, tight containers in a cool dry place protected from light and oxidation.",None declared,Pale yellow liquid.,"MUSTARD Flavor manufactured for AWA Bio, used in savory& processed food solutions,flavors.",AWA Bio,,
158,Nutmeg Oil (Essential Oils).pdf,Savory - Seasoning,Essential Oil,AWA Bio,,Best before 24 months under the specified storage conditions,,Botanical Name: Myristica fragrans Houtt. (Family: Myristicaceae).; Steam distillation of the dried Nutmeg,"HDPE Jerry Cans,Bottles","Store in full, tight containers in a cool dry place protected from light and oxidation.",None declared,Almost colourless to pale yellow liquid,"Nutmeg Oil manufactured for AWA Bio, used in flavors,cosmetics.",AWA Bio,,
159,Onion Oil (Essential Oils).pdf,Savory - Seasoning,Essential Oil,AWA Bio,,Best before 24 months under the specified storage conditions,,Botanical Name: Allium cepaL. (Family: Liliaceae); Proportionate blending of the essential oil with suitable emulsifier.,"HDPE Jerry Cans,Bottles","Store in full, tight containers in a cool dry place protected from light and oxidation.",None declared,Light yellow oily liquid.,"Onion Oil manufactured for AWA Bio, used in savory,processed food solutions.",AWA Bio,,
160,Oregano Oil (Essential Oils).pdf,Savory - Seasoning,Essential Oil,AWA Bio,,Best before 24 months under the specified storage conditions,,Botanical Name: Oreganum Vulgare L. (Family: Labiatae); Steam distillation of the dried leaves,"HDPE Jerry,Cans,Bottles","Store in full, tight containers in a cool dry place protected from light and oxidation.",None declared,Light Yellow oily liquid.,"Oregano Oil manufactured for AWA Bio, used in flavors,cosmetics.",AWA Bio,,
161,Rosemary Oil (Essential Oils).pdf,Savory - Seasoning,Essential Oil,AWA Bio,,Best before 24 months under the specified storage conditions.,,General Name: Rosemary; Steam distillation of the  dried leaves of,"HDPE Jerry Cans,Bottles","Store in full, tight containers in a cool dry place protected from light and oxidation.",None declared,Pale  yellow liquid.,"Rosemary Oil manufactured for AWA Bio, used in flavors, cosmetics.",AWA Bio,,
162,THYME OIL (Essential Oils).pdf,Savory - Seasoning,Essential Oil,AWA Bio,,Best before 24 months under the specified storage conditions.,,General Name: Thyme oil; Steam distillation of the thyme leaves.,"HDPE Jerry Cans,Bottles","Store in full, tight containers in a cool dry place protected from light and oxidation.",None declared,Clear liquid,"THYME OIL manufactured for AWA Bio, used in flavors,cosmetics.",AWA Bio,,
163,Aniseed Oil (Essential Oils).pdf,Savory - Seasoning,Essential Oil,AWA Bio,,Best before 24 months under the specified storage conditions,,The oil is obtained by steam distillation of the dried ripe,"HDPE Jerry Cans, Bottles","Store in full, tight containers in a cool dry place protected from light and oxidation.",None declared,Viscous yellow liquid.,"Aniseed Oil manufactured for AWA Bio, used in flavors, cosmetics.",AWA Bio,,
164,Black Pepper Oil (Essential Oils).pdf,Savory - Seasoning,Essential Oil,AWA Bio,,Best before 24 months under the specified storage conditions,,Botanical Name: Piper nigrum L. (Family: Piperaceae).; Steam distillation the ripe pepper berries,"HDPE Jerry Cans,Bottles","Store in full, tight containers in a cool dry place protected from light and oxidation.",None declared,Greenish Yellow,"Black Pepper Oil manufactured for AWA Bio, used in flavors, cosmetics.",AWA Bio,,
165,CARDAMOM OIL (Essential Oils).pdf,Savory - Seasoning,Essential Oil,AWA Bio,,Best before 24 months under the specified storage conditions,,Botanical Name: Elettaria cardamomum Maton (Family: Zingiberaceae).; Steam distillation of the dried cardamom,"HDPE Jerry Cans,Bottles","Store in full, tight containers in a cool dry place protected from light and oxidation.",None declared,Liquid,"CARDAMOM OIL manufactured for AWA Bio, used in flavors,cosmetics.",AWA Bio,,
166,CASSIA OIL (Essential Oils).pdf,Savory - Seasoning,Essential Oil,AWA Bio,,Best before 24 months under the specified storage conditions.,,General Name: Cinnamon; Steam distillation of the cinnamon leaves .,"HDPE Jerry Cans, Bottles","Store in full, tight containers in a cool dry place protected from light and oxidation.",None declared,Pale yellow oily liquid,"CASSIA OIL manufactured for AWA Bio, used in flavors,cosmetics.",AWA Bio,,
167,Natural Mixed Tocopherols (Natural Anti-Oxidants).pdf,Savory - Seasoning,Natural Anti-Oxidant,AWA Bio,,Best before 24 months under the specified storage conditions,,,"HDPE Jerry Cans,Bottles","Store in full, tight containers in a cool dry place protected from light and oxidation.",None declared,"Pale yellow to brownish red, Clear oily","Natural Mixed Tocopherols manufactured for AWA Bio, used in anti-oxidant.",AWA Bio,,
168,OLEORESIN THYME (Natural Anti-Oxidants).pdf,Savory - Seasoning,Oleoresin,AWA Bio,,Best before 24 months under the specified storage conditions.,,General Name: OLEORESIN THYME; is made by solvent extraction of the dried,"HDPE Jerry Cans,Pails,Bottles","Store in full, tight containers in a cool dry place protected from light and oxidation.",None declared,Dark brown pourable liquid .,"OLEORESIN THYME manufactured for AWA Bio, used in savory& processed food solutions, anti-oxidant.",AWA Bio,,
169,Oleoresin Basil (Natural Anti-Oxidants).pdf,Savory - Seasoning,Oleoresin,AWA Bio,,Best before 24 months under the specified storage conditions.,,General Name: BASIL,"HDPE Pails, Bottles","Store in full, tight containers in a cool dry place protected from light and oxidation.",None declared,Dark greenish brown viscous liquied .,"Oleoresin Basil manufactured for AWA Bio, used in savory&processed food solutions,anti-oxidant.",AWA Bio,,
170,OLEORESIN OREGANUM (Natural Anti-Oxidants).pdf,Savory - Seasoning,Oleoresin,AWA Bio,,Best before 24 months under the specified storage conditions,,Botanical Name: Origanum vulgar; Solvent extraction of the dried rhizomes,"HDPE Pails,Bottles","Store in full, tight containers in a cool dry place protected from light and oxidation.",None declared,Dark brownish green pourable liquid.,"OLEORESIN OREGANUM manufactured for AWA Bio, used in savory&processed food solutions,anti-oxidant.",AWA Bio,,
171,Rosemary oleoresin (Natural Anti-Oxidants).pdf,Savory - Seasoning,Oleoresin,AWA Bio,,Best before 24 months under the specified storage conditions,,General Name: Rosemary; Rosemary extract is obtained by solvent extraction of dried,"HDPE Pails, Bottles","Store in full, tight containers in a cool dry place protected from light and oxidation.",None declared,Greenish brown coloured viscous liquid.,"Rosemary oleoresin manufactured for AWA Bio, used in savory& processed food solutions, anti-oxidant.",AWA Bio,,
172,Oleoresin spinach (Natural Anti-Oxidants).pdf,Savory - Seasoning,Oleoresin,AWA Bio,,Best before 24 months under the specified storage conditions,,"General Name: spinach; The product is natural, obtained from dried leaves of","HDPE Jerry Cans,Bottles","Store in full, tight containers in a cool dry place protected from light and oxidation.",None declared,Green liquid,"Oleoresin spinach manufactured for AWA Bio, used in natural color, anti-oxidant.",AWA Bio,,
173,Burger Spice Blend (Liquid Spice Blends).pdf,Savory - Meat,Liquid Spice Blend,AWA Bio,,Best before 24 months under the specified storage conditions,,General Name: Spice blend liquid; Appropriate  blending of specific ingredients .,"HDPE Jerry Cans,Bottels","Store in full, tight containers in a cool dry place protected from light and oxidation.",None declared,Brown oily liquid,"Burger Spice Blend manufactured for AWA Bio, used in processed meat...",AWA Bio,,
174,HOT DOG SPICE BLEND (Liquid Spice Blends).pdf,Savory - Meat,Liquid Spice Blend,AWA Bio,,Best before 24 months under the specified storage conditions,,General Name: Spice blend liquid; Appropriate  blending of specific ingredients .,"HDPE Jerry Cans,Bottles","Store in full, tight containers in a cool dry place protected from light and oxidation.",None declared,Brown liquid,"HOT DOG SPICE BLEND manufactured for AWA Bio, used in processed meat.",AWA Bio,,
175,Ketchup Spice Blend (Liquid Spice Blends).pdf,Savory - Seasoning,Liquid Spice Blend,AWA Bio,,Best before 24 months under the specified storage conditions,,General Name: Spice blend; Proportionate blending of specific ingredients,"HDPE Jerry Cans,Bottles","Store in full, tight containers in a cool dry place protected from light and oxidation.",None declared,Light brown liquid.,"Ketchup Spice Blend manufactured for AWA Bio, used in savory, sauces..",AWA Bio,,
176,Kofta Spice Blend (Liquid Spice Blends).pdf,Savory - Meat,Liquid Spice Blend,AWA Bio,,Best before 24 months under the specified storage conditions,,General Name: Spice blend liquid; Appropriate  blending of specific ingredients .,"HDPE Jerry Cans,Bottles","Store in full, tight containers in a cool dry place protected from light and oxidation.",None declared,Brown oily liquid,"Kofta Spice Blend manufactured for AWA Bio, used in processed meat...",AWA Bio,,
177,Luncheon Spice Blend (Liquid Spice Blends).pdf,Savory - Meat,Liquid Spice Blend,AWA Bio,,Best before 24 months under the specified storage conditions,,General Name: Spice blend liquid; Appropriate blending of specific ingredients .,"HDPE Jerry Cans,Bottles","Store in full, tight containers in a cool dry place protected from light and oxidation.",None declared,Brown oily liquid,"Luncheon Spice Blend manufactured for AWA Bio, used in flavors, cosmetics.",AWA Bio,,
178,Oriental Sausage Spice Blend (Liquid Spice Blends).pdf,Savory - Meat,Liquid Spice Blend,AWA Bio,,Best before 24 months under the specified storage conditions,,General Name: Spice blend liquid; Appropriate  blending of specific ingredients .,"HDPE Jerry Cans,Bottles","Store in full, tight containers in a cool dry place protected from light and oxidation.",None declared,Brown oily liquid,"Oriental Sausage Spice Blend manufactured for AWA Bio, used in processed meat..",AWA Bio,,
179,Pastrami Spice Blend (Liquid Spice Blends).pdf,Savory - Meat,Liquid Spice Blend,AWA Bio,,Best before 24 months under the specified storage conditions,,General Name: Spice blend liquid; Appropriate  blending of specific ingredients .,"HDPE Jerry Cans,Bottles","Store in full, tight containers in a cool dry place protected from light and oxidation.",None declared,Brown liquid,"Pastrami Spice Blend manufactured for AWA Bio, used in processed meat..",AWA Bio,,
180,Pizza Spice Blend (Liquid Spice Blends).pdf,Savory - Seasoning; Bakery & snacks - Cake & Pastry,Liquid Spice Blend,AWA Bio,,Best before 24 months under the specified storage conditions,,General Name: Spice blend; Proportionate blending of specific ingredients,"HDPE Jerry Cans,Bottles","Store in full, tight containers in a cool dry place protected from light and oxidation.",None declared,Light brown liquid.,"Pizza Spice Blend manufactured for AWA Bio, used in flavors, cosmetics.",AWA Bio,,
181,Roasted Beef Spice Blend (Liquid Spice Blends).pdf,Savory - Meat,Liquid Spice Blend,AWA Bio,,Best before 24 months under the specified storage conditions,,General Name: Spice blend liquid; Appropriate blending of specific ingredients .,"HDPE Jerry Cans,Bottles","Store in full, tight containers in a cool dry place protected from light and oxidation.",None declared,Brown liquid,"Roasted Beef Spice Blend manufactured for AWA Bio, used in processed meat..",AWA Bio,,
